[{"model": "contenttypes.contenttype", "pk": 1, "fields": {"app_label": "admin", "model": "logentry"}}, {"model": "contenttypes.contenttype", "pk": 2, "fields": {"app_label": "auth", "model": "permission"}}, {"model": "contenttypes.contenttype", "pk": 3, "fields": {"app_label": "auth", "model": "group"}}, {"model": "contenttypes.contenttype", "pk": 4, "fields": {"app_label": "auth", "model": "user"}}, {"model": "contenttypes.contenttype", "pk": 5, "fields": {"app_label": "contenttypes", "model": "contenttype"}}, {"model": "contenttypes.contenttype", "pk": 6, "fields": {"app_label": "sessions", "model": "session"}}, {"model": "contenttypes.contenttype", "pk": 7, "fields": {"app_label": "exam", "model": "answer"}}, {"model": "contenttypes.contenttype", "pk": 8, "fields": {"app_label": "exam", "model": "exam"}}, {"model": "contenttypes.contenttype", "pk": 9, "fields": {"app_label": "exam", "model": "question"}}, {"model": "contenttypes.contenttype", "pk": 10, "fields": {"app_label": "klass", "model": "new"}}, {"model": "contenttypes.contenttype", "pk": 11, "fields": {"app_label": "klass", "model": "teacher"}}, {"model": "contenttypes.contenttype", "pk": 12, "fields": {"app_label": "klass", "model": "student"}}, {"model": "contenttypes.contenttype", "pk": 13, "fields": {"app_label": "klass", "model": "dars"}}, {"model": "contenttypes.contenttype", "pk": 14, "fields": {"app_label": "school_home", "model": "image"}}, {"model": "contenttypes.contenttype", "pk": 15, "fields": {"app_label": "school_home", "model": "video"}}, {"model": "contenttypes.contenttype", "pk": 16, "fields": {"app_label": "chat", "model": "roomname"}}, {"model": "contenttypes.contenttype", "pk": 17, "fields": {"app_label": "chat", "model": "person"}}, {"model": "contenttypes.contenttype", "pk": 18, "fields": {"app_label": "chat", "model": "message"}}, {"model": "contenttypes.contenttype", "pk": 19, "fields": {"app_label": "news", "model": "news"}}, {"model": "contenttypes.contenttype", "pk": 20, "fields": {"app_label": "news", "model": "comments"}}, {"model": "contenttypes.contenttype", "pk": 21, "fields": {"app_label": "online_users", "model": "onlineuseractivity"}}, {"model": "contenttypes.contenttype", "pk": 22, "fields": {"app_label": "klass", "model": "tamrin"}}, {"model": "contenttypes.contenttype", "pk": 23, "fields": {"app_label": "exam", "model": "wquestion"}}, {"model": "contenttypes.contenttype", "pk": 24, "fields": {"app_label": "exam", "model": "jd"}}, {"model": "contenttypes.contenttype", "pk": 25, "fields": {"app_label": "exam", "model": "testmodel"}}, {"model": "contenttypes.contenttype", "pk": 26, "fields": {"app_label": "news", "model": "upload"}}, {"model": "sessions.session", "pk": "0dsufa1lrou15wc0lge2n1jvrvygy6lu", "fields": {"session_data": "MTM5ZTQ1ZWU3ODU4MjIxYTUxMGQyNzQ5MmVlNzlmOTQ3MzczNTZhZDp7fQ==", "expire_date": "2020-07-15T09:24:46.939Z"}}, {"model": "sessions.session", "pk": "16ia4qeyovdj5u36b3j8lmdvrki446a5", "fields": {"session_data": "ZjViZWQxNWRjZDQyMzEzYTg0NWYzMDBjZDliZDZlNGJhZDRjMWZlNDp7Il9hdXRoX3VzZXJfaWQiOiIyMTMiLCJfYXV0aF91c2VyX2JhY2tlbmQiOiJkamFuZ28uY29udHJpYi5hdXRoLmJhY2tlbmRzLk1vZGVsQmFja2VuZCIsIl9hdXRoX3VzZXJfaGFzaCI6IjU2NWE4YzhhODcxYjdiZDdjMWE1YWQ3OGE3NzRiMzEwMDU2YTYzMmYifQ==", "expire_date": "2020-08-05T16:18:23.372Z"}}, {"model": "sessions.session", "pk": "27v928cy3mah4b5z864pn9hqqmzy7jl1", "fields": {"session_data": "YzY3Nzk4ZDU3N2E1ZTM2NjI5NTNlM2I5MmEzZmY5YWI0MWRlZTc0NDp7Il9hdXRoX3VzZXJfaWQiOiIyMTIiLCJfYXV0aF91c2VyX2JhY2tlbmQiOiJkamFuZ28uY29udHJpYi5hdXRoLmJhY2tlbmRzLk1vZGVsQmFja2VuZCIsIl9hdXRoX3VzZXJfaGFzaCI6ImMwMjBjNDQyZmUzZWQ1NzIxYmQ5MjE2OTNmZTYwYmM3YWU5MjI3NDMifQ==", "expire_date": "2020-07-29T09:56:03.359Z"}}, {"model": "sessions.session", "pk": "33er3lytmexecbyypr34619kgyefy6kv", "fields": {"session_data": "MTM5ZTQ1ZWU3ODU4MjIxYTUxMGQyNzQ5MmVlNzlmOTQ3MzczNTZhZDp7fQ==", "expire_date": "2020-07-14T06:18:00.498Z"}}, {"model": "sessions.session", "pk": "5ob16lgbar8d2slgesgm0a7r0so4xz3w", "fields": {"session_data": "OTE4MzFiMzViMWU1NTI5ZGY2MGNmOWYyZDJlYzg2NTY5NmRhNjc3NDp7Il9hdXRoX3VzZXJfaWQiOiIxODgiLCJfYXV0aF91c2VyX2JhY2tlbmQiOiJkamFuZ28uY29udHJpYi5hdXRoLmJhY2tlbmRzLk1vZGVsQmFja2VuZCIsIl9hdXRoX3VzZXJfaGFzaCI6ImRmZTYwYjMwOThiOWM4ZDdjYmY1Mzc4OWMzM2FlM2RiMzlmYWM2OWUifQ==", "expire_date": "2020-07-22T10:42:08.702Z"}}, {"model": "sessions.session", "pk": "5u1owap9tkh6hrkbxnppsepu3toolcn5", "fields": {"session_data": "NTAyNWVjZDQ2ZWYyNGM5ZDY0ODQ5NDY0YTdmYjViYzM0ZmU5NzI2MTp7Il9hdXRoX3VzZXJfaWQiOiIyMTMiLCJfYXV0aF91c2VyX2JhY2tlbmQiOiJkamFuZ28uY29udHJpYi5hdXRoLmJhY2tlbmRzLk1vZGVsQmFja2VuZCIsIl9hdXRoX3VzZXJfaGFzaCI6IjMwMTY1NjU1NzYzOTY0Y2IzMTgyYzY4NzljNzJkYTQwODM4NTc0NDkifQ==", "expire_date": "2020-08-05T15:38:45.489Z"}}, {"model": "sessions.session", "pk": "66a9jklj06zl3lx4zwuy7t79lsoumsit", "fields": {"session_data": "OTE4MzFiMzViMWU1NTI5ZGY2MGNmOWYyZDJlYzg2NTY5NmRhNjc3NDp7Il9hdXRoX3VzZXJfaWQiOiIxODgiLCJfYXV0aF91c2VyX2JhY2tlbmQiOiJkamFuZ28uY29udHJpYi5hdXRoLmJhY2tlbmRzLk1vZGVsQmFja2VuZCIsIl9hdXRoX3VzZXJfaGFzaCI6ImRmZTYwYjMwOThiOWM4ZDdjYmY1Mzc4OWMzM2FlM2RiMzlmYWM2OWUifQ==", "expire_date": "2020-07-18T20:28:55.324Z"}}, {"model": "sessions.session", "pk": "6pu467usrt2mbvgf3jo9oov8nm4v23c3", "fields": {"session_data": "MTM5ZTQ1ZWU3ODU4MjIxYTUxMGQyNzQ5MmVlNzlmOTQ3MzczNTZhZDp7fQ==", "expire_date": "2020-08-05T16:06:51.937Z"}}, {"model": "sessions.session", "pk": "76jhjlz18g5rosj97qoqpgksr3ef0b3n", "fields": {"session_data": "MTg3NDNmNjE1MDIyNmM3NTU4NGNlNTU3ZTRjOWRjNmMxMTZkN2Y2NDp7Il9hdXRoX3VzZXJfaWQiOiIxODUiLCJfYXV0aF91c2VyX2JhY2tlbmQiOiJkamFuZ28uY29udHJpYi5hdXRoLmJhY2tlbmRzLk1vZGVsQmFja2VuZCIsIl9hdXRoX3VzZXJfaGFzaCI6IjU4ZDBhOWE2NWY0YzE4Zjc5ZTg2ZGQ1NjUzYWY3MjViZjNmMTdkNTkifQ==", "expire_date": "2020-07-23T18:18:33.917Z"}}, {"model": "sessions.session", "pk": "7vii1ayfagp1u25dx03yqnh5y8s3yed7", "fields": {"session_data": "MTM5ZTQ1ZWU3ODU4MjIxYTUxMGQyNzQ5MmVlNzlmOTQ3MzczNTZhZDp7fQ==", "expire_date": "2020-07-15T08:43:53.191Z"}}, {"model": "sessions.session", "pk": "96gt2uxa3doclgax84mu2h6z2xh844uu", "fields": {"session_data": "MTM5ZTQ1ZWU3ODU4MjIxYTUxMGQyNzQ5MmVlNzlmOTQ3MzczNTZhZDp7fQ==", "expire_date": "2020-08-02T07:04:55.616Z"}}, {"model": "sessions.session", "pk": "9gaipjidwt24ysmcj2xu6ykf90811rx2", "fields": {"session_data": "ZjViZWQxNWRjZDQyMzEzYTg0NWYzMDBjZDliZDZlNGJhZDRjMWZlNDp7Il9hdXRoX3VzZXJfaWQiOiIyMTMiLCJfYXV0aF91c2VyX2JhY2tlbmQiOiJkamFuZ28uY29udHJpYi5hdXRoLmJhY2tlbmRzLk1vZGVsQmFja2VuZCIsIl9hdXRoX3VzZXJfaGFzaCI6IjU2NWE4YzhhODcxYjdiZDdjMWE1YWQ3OGE3NzRiMzEwMDU2YTYzMmYifQ==", "expire_date": "2020-08-06T22:02:40.280Z"}}, {"model": "sessions.session", "pk": "9i1bv80g515i2f7c55ranurpoc6euv2f", "fields": {"session_data": "MTM5ZTQ1ZWU3ODU4MjIxYTUxMGQyNzQ5MmVlNzlmOTQ3MzczNTZhZDp7fQ==", "expire_date": "2020-07-15T09:27:35.624Z"}}, {"model": "sessions.session", "pk": "9rc4mjs92kp6vgm5m2hyvanfi85d37y4", "fields": {"session_data": "ZmYyZTMyMTgxYzhjMGIyMDM3OGVjZmU3NTI5NWFlMTMzNzE1YWM0Njp7Il9hdXRoX3VzZXJfaWQiOiIxODEiLCJfYXV0aF91c2VyX2JhY2tlbmQiOiJkamFuZ28uY29udHJpYi5hdXRoLmJhY2tlbmRzLk1vZGVsQmFja2VuZCIsIl9hdXRoX3VzZXJfaGFzaCI6IjBiZWJlYjI5MjJiZmU1OGQyMTEyNjFlNjA0NWMyOWVlNDc3MDRkOTEifQ==", "expire_date": "2020-07-26T11:22:13.868Z"}}, {"model": "sessions.session", "pk": "a8t755yaxxlwb46j3n76k3pjuyzvjc9z", "fields": {"session_data": "MzdhODMxODhiNWZkMWM5MGIyYjg5YjUyOWM0NjJhNDQyYzNmMzg0ODp7Il9hdXRoX3VzZXJfaWQiOiIyMTEiLCJfYXV0aF91c2VyX2JhY2tlbmQiOiJkamFuZ28uY29udHJpYi5hdXRoLmJhY2tlbmRzLk1vZGVsQmFja2VuZCIsIl9hdXRoX3VzZXJfaGFzaCI6ImU2NmI5Mzg4MTY0MDZjZGYyYTQwNThiYTQzYTQxYjY4YjY3NjZkYmMifQ==", "expire_date": "2020-07-23T20:06:51.558Z"}}, {"model": "sessions.session", "pk": "auitwxwthjuniuuqwa23ytdxyz4bs5x1", "fields": {"session_data": "ZjViZWQxNWRjZDQyMzEzYTg0NWYzMDBjZDliZDZlNGJhZDRjMWZlNDp7Il9hdXRoX3VzZXJfaWQiOiIyMTMiLCJfYXV0aF91c2VyX2JhY2tlbmQiOiJkamFuZ28uY29udHJpYi5hdXRoLmJhY2tlbmRzLk1vZGVsQmFja2VuZCIsIl9hdXRoX3VzZXJfaGFzaCI6IjU2NWE4YzhhODcxYjdiZDdjMWE1YWQ3OGE3NzRiMzEwMDU2YTYzMmYifQ==", "expire_date": "2020-08-06T08:55:19.434Z"}}, {"model": "sessions.session", "pk": "b1is01cj9uw226kdu6mdig9ibokplcss", "fields": {"session_data": "MzdhODMxODhiNWZkMWM5MGIyYjg5YjUyOWM0NjJhNDQyYzNmMzg0ODp7Il9hdXRoX3VzZXJfaWQiOiIyMTEiLCJfYXV0aF91c2VyX2JhY2tlbmQiOiJkamFuZ28uY29udHJpYi5hdXRoLmJhY2tlbmRzLk1vZGVsQmFja2VuZCIsIl9hdXRoX3VzZXJfaGFzaCI6ImU2NmI5Mzg4MTY0MDZjZGYyYTQwNThiYTQzYTQxYjY4YjY3NjZkYmMifQ==", "expire_date": "2020-07-26T16:22:21.990Z"}}, {"model": "sessions.session", "pk": "bl38szvpj0k4i70y036f3qibbymyagy1", "fields": {"session_data": "MTM5ZTQ1ZWU3ODU4MjIxYTUxMGQyNzQ5MmVlNzlmOTQ3MzczNTZhZDp7fQ==", "expire_date": "2020-07-14T21:00:21.383Z"}}, {"model": "sessions.session", "pk": "br23tp6e16l4xdqgcz2t9apvosgx8kq8", "fields": {"session_data": "MzdhODMxODhiNWZkMWM5MGIyYjg5YjUyOWM0NjJhNDQyYzNmMzg0ODp7Il9hdXRoX3VzZXJfaWQiOiIyMTEiLCJfYXV0aF91c2VyX2JhY2tlbmQiOiJkamFuZ28uY29udHJpYi5hdXRoLmJhY2tlbmRzLk1vZGVsQmFja2VuZCIsIl9hdXRoX3VzZXJfaGFzaCI6ImU2NmI5Mzg4MTY0MDZjZGYyYTQwNThiYTQzYTQxYjY4YjY3NjZkYmMifQ==", "expire_date": "2020-08-02T11:15:41.719Z"}}, {"model": "sessions.session", "pk": "c3t4hsbh9cgyd3rs1w0qg7jp65ls5002", "fields": {"session_data": "ZjViZWQxNWRjZDQyMzEzYTg0NWYzMDBjZDliZDZlNGJhZDRjMWZlNDp7Il9hdXRoX3VzZXJfaWQiOiIyMTMiLCJfYXV0aF91c2VyX2JhY2tlbmQiOiJkamFuZ28uY29udHJpYi5hdXRoLmJhY2tlbmRzLk1vZGVsQmFja2VuZCIsIl9hdXRoX3VzZXJfaGFzaCI6IjU2NWE4YzhhODcxYjdiZDdjMWE1YWQ3OGE3NzRiMzEwMDU2YTYzMmYifQ==", "expire_date": "2020-08-06T19:41:46.716Z"}}, {"model": "sessions.session", "pk": "d8cmcwhwlrrcxxjixw75aarmascy6etl", "fields": {"session_data": "MTM5ZTQ1ZWU3ODU4MjIxYTUxMGQyNzQ5MmVlNzlmOTQ3MzczNTZhZDp7fQ==", "expire_date": "2020-08-05T14:11:17.437Z"}}, {"model": "sessions.session", "pk": "dni2o6erwfzw9egls76ux45qtoyzuaos", "fields": {"session_data": "MTM5ZTQ1ZWU3ODU4MjIxYTUxMGQyNzQ5MmVlNzlmOTQ3MzczNTZhZDp7fQ==", "expire_date": "2020-08-05T14:10:41.477Z"}}, {"model": "sessions.session", "pk": "f2wmrufn4dqgq4233xilcayjr5ei0m80", "fields": {"session_data": "ZmYyZTMyMTgxYzhjMGIyMDM3OGVjZmU3NTI5NWFlMTMzNzE1YWM0Njp7Il9hdXRoX3VzZXJfaWQiOiIxODEiLCJfYXV0aF91c2VyX2JhY2tlbmQiOiJkamFuZ28uY29udHJpYi5hdXRoLmJhY2tlbmRzLk1vZGVsQmFja2VuZCIsIl9hdXRoX3VzZXJfaGFzaCI6IjBiZWJlYjI5MjJiZmU1OGQyMTEyNjFlNjA0NWMyOWVlNDc3MDRkOTEifQ==", "expire_date": "2020-07-26T11:46:35.664Z"}}, {"model": "sessions.session", "pk": "f7sctf3yqh3jeep983qipe5lbsdr5i8i", "fields": {"session_data": "YzY3Nzk4ZDU3N2E1ZTM2NjI5NTNlM2I5MmEzZmY5YWI0MWRlZTc0NDp7Il9hdXRoX3VzZXJfaWQiOiIyMTIiLCJfYXV0aF91c2VyX2JhY2tlbmQiOiJkamFuZ28uY29udHJpYi5hdXRoLmJhY2tlbmRzLk1vZGVsQmFja2VuZCIsIl9hdXRoX3VzZXJfaGFzaCI6ImMwMjBjNDQyZmUzZWQ1NzIxYmQ5MjE2OTNmZTYwYmM3YWU5MjI3NDMifQ==", "expire_date": "2020-07-26T12:26:06.223Z"}}, {"model": "sessions.session", "pk": "f8mf65e2jagd8bqoxfhfoqrlkhjs8s31", "fields": {"session_data": "ZjViZWQxNWRjZDQyMzEzYTg0NWYzMDBjZDliZDZlNGJhZDRjMWZlNDp7Il9hdXRoX3VzZXJfaWQiOiIyMTMiLCJfYXV0aF91c2VyX2JhY2tlbmQiOiJkamFuZ28uY29udHJpYi5hdXRoLmJhY2tlbmRzLk1vZGVsQmFja2VuZCIsIl9hdXRoX3VzZXJfaGFzaCI6IjU2NWE4YzhhODcxYjdiZDdjMWE1YWQ3OGE3NzRiMzEwMDU2YTYzMmYifQ==", "expire_date": "2020-08-07T08:39:34.704Z"}}, {"model": "sessions.session", "pk": "gmyalx1fande5d7bvupossgjuo43if8p", "fields": {"session_data": "MTM5ZTQ1ZWU3ODU4MjIxYTUxMGQyNzQ5MmVlNzlmOTQ3MzczNTZhZDp7fQ==", "expire_date": "2020-07-14T06:17:50.099Z"}}, {"model": "sessions.session", "pk": "gw8yz504zmbtoao29dbayz317lb37h4x", "fields": {"session_data": "MTM5ZTQ1ZWU3ODU4MjIxYTUxMGQyNzQ5MmVlNzlmOTQ3MzczNTZhZDp7fQ==", "expire_date": "2020-08-02T07:05:21.349Z"}}, {"model": "sessions.session", "pk": "h9fqs21dzyuzg5hxdl70buqbu7yhp9f2", "fields": {"session_data": "MzdhODMxODhiNWZkMWM5MGIyYjg5YjUyOWM0NjJhNDQyYzNmMzg0ODp7Il9hdXRoX3VzZXJfaWQiOiIyMTEiLCJfYXV0aF91c2VyX2JhY2tlbmQiOiJkamFuZ28uY29udHJpYi5hdXRoLmJhY2tlbmRzLk1vZGVsQmFja2VuZCIsIl9hdXRoX3VzZXJfaGFzaCI6ImU2NmI5Mzg4MTY0MDZjZGYyYTQwNThiYTQzYTQxYjY4YjY3NjZkYmMifQ==", "expire_date": "2020-07-20T09:11:48.807Z"}}, {"model": "sessions.session", "pk": "hcp98dq2ey642lzar52gbepdtyh6drn2", "fields": {"session_data": "MTM5ZTQ1ZWU3ODU4MjIxYTUxMGQyNzQ5MmVlNzlmOTQ3MzczNTZhZDp7fQ==", "expire_date": "2020-08-02T07:04:47.777Z"}}, {"model": "sessions.session", "pk": "i4yo9eh5i9fkykr3nq2710ahr9adehuw", "fields": {"session_data": "MTM5ZTQ1ZWU3ODU4MjIxYTUxMGQyNzQ5MmVlNzlmOTQ3MzczNTZhZDp7fQ==", "expire_date": "2020-07-14T17:19:37.171Z"}}, {"model": "sessions.session", "pk": "if1fxu5yomevmjxnhf5wbm4otw6zo28q", "fields": {"session_data": "MDQ1YzdlNzA1NGExMTJmMWM1OTExMjRmZjhmODMwOWE0OWMzODQyMzp7Il9hdXRoX3VzZXJfaWQiOiIxODciLCJfYXV0aF91c2VyX2JhY2tlbmQiOiJkamFuZ28uY29udHJpYi5hdXRoLmJhY2tlbmRzLk1vZGVsQmFja2VuZCIsIl9hdXRoX3VzZXJfaGFzaCI6ImZlMTkzNDk2OGUzYTU5ODAwNDkwZWQ1MjE4ZmZkYjJmYjc2NTQ0YTQifQ==", "expire_date": "2020-07-22T01:24:27.601Z"}}, {"model": "sessions.session", "pk": "j9mchqx0vvrjil66av0mrxn2ug0yl1hy", "fields": {"session_data": "MTM5ZTQ1ZWU3ODU4MjIxYTUxMGQyNzQ5MmVlNzlmOTQ3MzczNTZhZDp7fQ==", "expire_date": "2020-07-26T12:15:22.422Z"}}, {"model": "sessions.session", "pk": "jyd5b9477z9diclrkl0opyawgs5i60nb", "fields": {"session_data": "MTM5ZTQ1ZWU3ODU4MjIxYTUxMGQyNzQ5MmVlNzlmOTQ3MzczNTZhZDp7fQ==", "expire_date": "2020-08-05T16:08:16.882Z"}}, {"model": "sessions.session", "pk": "l7bqxjay3pfjwnf4zwht8gf6yqd77gxw", "fields": {"session_data": "MTM5ZTQ1ZWU3ODU4MjIxYTUxMGQyNzQ5MmVlNzlmOTQ3MzczNTZhZDp7fQ==", "expire_date": "2020-07-15T09:20:25.922Z"}}, {"model": "sessions.session", "pk": "l7us4w74l4oj5zvqo94eg9woe5uws93e", "fields": {"session_data": "YzY3Nzk4ZDU3N2E1ZTM2NjI5NTNlM2I5MmEzZmY5YWI0MWRlZTc0NDp7Il9hdXRoX3VzZXJfaWQiOiIyMTIiLCJfYXV0aF91c2VyX2JhY2tlbmQiOiJkamFuZ28uY29udHJpYi5hdXRoLmJhY2tlbmRzLk1vZGVsQmFja2VuZCIsIl9hdXRoX3VzZXJfaGFzaCI6ImMwMjBjNDQyZmUzZWQ1NzIxYmQ5MjE2OTNmZTYwYmM3YWU5MjI3NDMifQ==", "expire_date": "2020-07-26T12:19:48.291Z"}}, {"model": "sessions.session", "pk": "lddyhbayictt3y0zmtrg1qplmgi36krn", "fields": {"session_data": "MzdhODMxODhiNWZkMWM5MGIyYjg5YjUyOWM0NjJhNDQyYzNmMzg0ODp7Il9hdXRoX3VzZXJfaWQiOiIyMTEiLCJfYXV0aF91c2VyX2JhY2tlbmQiOiJkamFuZ28uY29udHJpYi5hdXRoLmJhY2tlbmRzLk1vZGVsQmFja2VuZCIsIl9hdXRoX3VzZXJfaGFzaCI6ImU2NmI5Mzg4MTY0MDZjZGYyYTQwNThiYTQzYTQxYjY4YjY3NjZkYmMifQ==", "expire_date": "2020-08-02T07:05:37.117Z"}}, {"model": "sessions.session", "pk": "mjofe1agecyefruq9m6pc8g5lswdau62", "fields": {"session_data": "MTM5ZTQ1ZWU3ODU4MjIxYTUxMGQyNzQ5MmVlNzlmOTQ3MzczNTZhZDp7fQ==", "expire_date": "2020-07-29T09:55:45.327Z"}}, {"model": "sessions.session", "pk": "mvlvaq0abx67u21hzmvw0qo1bza1xzwu", "fields": {"session_data": "MTM5ZTQ1ZWU3ODU4MjIxYTUxMGQyNzQ5MmVlNzlmOTQ3MzczNTZhZDp7fQ==", "expire_date": "2020-07-15T08:39:58.367Z"}}, {"model": "sessions.session", "pk": "mzbjg5nhyxkr9lti6fv45iij79jimzo6", "fields": {"session_data": "MTM5ZTQ1ZWU3ODU4MjIxYTUxMGQyNzQ5MmVlNzlmOTQ3MzczNTZhZDp7fQ==", "expire_date": "2020-07-22T11:52:47.888Z"}}, {"model": "sessions.session", "pk": "mzslkc0x8t4jhgk74j4i2531779d86a9", "fields": {"session_data": "MTM5ZTQ1ZWU3ODU4MjIxYTUxMGQyNzQ5MmVlNzlmOTQ3MzczNTZhZDp7fQ==", "expire_date": "2020-07-15T09:25:08.900Z"}}, {"model": "sessions.session", "pk": "ntgh42h7fdp4m9opa9addbayzau8nctp", "fields": {"session_data": "YzY3Nzk4ZDU3N2E1ZTM2NjI5NTNlM2I5MmEzZmY5YWI0MWRlZTc0NDp7Il9hdXRoX3VzZXJfaWQiOiIyMTIiLCJfYXV0aF91c2VyX2JhY2tlbmQiOiJkamFuZ28uY29udHJpYi5hdXRoLmJhY2tlbmRzLk1vZGVsQmFja2VuZCIsIl9hdXRoX3VzZXJfaGFzaCI6ImMwMjBjNDQyZmUzZWQ1NzIxYmQ5MjE2OTNmZTYwYmM3YWU5MjI3NDMifQ==", "expire_date": "2020-07-26T12:49:46.234Z"}}, {"model": "sessions.session", "pk": "oc97ivx35jdctnbyuc3rekqva4v2gvd4", "fields": {"session_data": "MTM5ZTQ1ZWU3ODU4MjIxYTUxMGQyNzQ5MmVlNzlmOTQ3MzczNTZhZDp7fQ==", "expire_date": "2020-07-26T12:49:09.113Z"}}, {"model": "sessions.session", "pk": "odx1u4jjdob9uo60as8d8wmaz6hmt1ga", "fields": {"session_data": "MTE0NmFmMTQ3NDNlOWUzYzFkNjQ2YTJkM2ZlYTExZjQ1ZDhmZDJjYzp7Il9hdXRoX3VzZXJfaWQiOiIxOTgiLCJfYXV0aF91c2VyX2JhY2tlbmQiOiJkamFuZ28uY29udHJpYi5hdXRoLmJhY2tlbmRzLk1vZGVsQmFja2VuZCIsIl9hdXRoX3VzZXJfaGFzaCI6IjkzMzdjZDgzZDM3NzEwNjFlZWRmNjYxMDNiMTQ3NGU1NWIzODc0MDcifQ==", "expire_date": "2020-07-18T15:42:18.896Z"}}, {"model": "sessions.session", "pk": "oknpperog2o65hfxs9y15sw0kwkypjnb", "fields": {"session_data": "MTM5ZTQ1ZWU3ODU4MjIxYTUxMGQyNzQ5MmVlNzlmOTQ3MzczNTZhZDp7fQ==", "expire_date": "2020-07-10T19:40:38.686Z"}}, {"model": "sessions.session", "pk": "oxssweztra1te0r6xzh8afsyaqvz6qik", "fields": {"session_data": "MzdhODMxODhiNWZkMWM5MGIyYjg5YjUyOWM0NjJhNDQyYzNmMzg0ODp7Il9hdXRoX3VzZXJfaWQiOiIyMTEiLCJfYXV0aF91c2VyX2JhY2tlbmQiOiJkamFuZ28uY29udHJpYi5hdXRoLmJhY2tlbmRzLk1vZGVsQmFja2VuZCIsIl9hdXRoX3VzZXJfaGFzaCI6ImU2NmI5Mzg4MTY0MDZjZGYyYTQwNThiYTQzYTQxYjY4YjY3NjZkYmMifQ==", "expire_date": "2020-07-29T14:44:25.946Z"}}, {"model": "sessions.session", "pk": "pck3zdhw1fso6nykspbwhdxv5hvpk6dg", "fields": {"session_data": "MTE0NmFmMTQ3NDNlOWUzYzFkNjQ2YTJkM2ZlYTExZjQ1ZDhmZDJjYzp7Il9hdXRoX3VzZXJfaWQiOiIxOTgiLCJfYXV0aF91c2VyX2JhY2tlbmQiOiJkamFuZ28uY29udHJpYi5hdXRoLmJhY2tlbmRzLk1vZGVsQmFja2VuZCIsIl9hdXRoX3VzZXJfaGFzaCI6IjkzMzdjZDgzZDM3NzEwNjFlZWRmNjYxMDNiMTQ3NGU1NWIzODc0MDcifQ==", "expire_date": "2020-07-21T06:03:24.104Z"}}, {"model": "sessions.session", "pk": "pmb9zufb4j94dunb7lkov88w3197po7a", "fields": {"session_data": "MTM5ZTQ1ZWU3ODU4MjIxYTUxMGQyNzQ5MmVlNzlmOTQ3MzczNTZhZDp7fQ==", "expire_date": "2020-08-02T10:45:16.364Z"}}, {"model": "sessions.session", "pk": "q47ntbjm2peoki590fwl9b85xh3exl4u", "fields": {"session_data": "MTE0NmFmMTQ3NDNlOWUzYzFkNjQ2YTJkM2ZlYTExZjQ1ZDhmZDJjYzp7Il9hdXRoX3VzZXJfaWQiOiIxOTgiLCJfYXV0aF91c2VyX2JhY2tlbmQiOiJkamFuZ28uY29udHJpYi5hdXRoLmJhY2tlbmRzLk1vZGVsQmFja2VuZCIsIl9hdXRoX3VzZXJfaGFzaCI6IjkzMzdjZDgzZDM3NzEwNjFlZWRmNjYxMDNiMTQ3NGU1NWIzODc0MDcifQ==", "expire_date": "2020-07-18T18:17:52.287Z"}}, {"model": "sessions.session", "pk": "rqmo7mejs5bt1200iewf224rx2772sq3", "fields": {"session_data": "NjcwOWQwMmM0ZDAwNzYwMTAyMGFkMDI4OTVkMTI5MDg3MzlmNWIxMjp7Il9hdXRoX3VzZXJfaWQiOiIxODQiLCJfYXV0aF91c2VyX2JhY2tlbmQiOiJkamFuZ28uY29udHJpYi5hdXRoLmJhY2tlbmRzLk1vZGVsQmFja2VuZCIsIl9hdXRoX3VzZXJfaGFzaCI6ImJhZDljZDQ5MTMyZjQ3MmZkYjdiOGUxOGI0MDlmZTY4ZmNlZDZhMjkifQ==", "expire_date": "2020-07-23T18:18:02.785Z"}}, {"model": "sessions.session", "pk": "sc60qeesw1ptog9xl5xbbe1hx6vz7pv7", "fields": {"session_data": "MTM5ZTQ1ZWU3ODU4MjIxYTUxMGQyNzQ5MmVlNzlmOTQ3MzczNTZhZDp7fQ==", "expire_date": "2020-08-05T15:47:03.396Z"}}, {"model": "sessions.session", "pk": "sipyo84w27039bs0lpk1xz42f8g5c9ps", "fields": {"session_data": "MTM5ZTQ1ZWU3ODU4MjIxYTUxMGQyNzQ5MmVlNzlmOTQ3MzczNTZhZDp7fQ==", "expire_date": "2020-08-05T14:11:06.280Z"}}, {"model": "sessions.session", "pk": "tuz3dj4eleismiw8u8eeitflqicvuyb9", "fields": {"session_data": "MzdhODMxODhiNWZkMWM5MGIyYjg5YjUyOWM0NjJhNDQyYzNmMzg0ODp7Il9hdXRoX3VzZXJfaWQiOiIyMTEiLCJfYXV0aF91c2VyX2JhY2tlbmQiOiJkamFuZ28uY29udHJpYi5hdXRoLmJhY2tlbmRzLk1vZGVsQmFja2VuZCIsIl9hdXRoX3VzZXJfaGFzaCI6ImU2NmI5Mzg4MTY0MDZjZGYyYTQwNThiYTQzYTQxYjY4YjY3NjZkYmMifQ==", "expire_date": "2020-08-06T07:35:03.529Z"}}, {"model": "sessions.session", "pk": "v8qia0n4k0hqiddb2xrxpmi95ucy4k3k", "fields": {"session_data": "NjcwOWQwMmM0ZDAwNzYwMTAyMGFkMDI4OTVkMTI5MDg3MzlmNWIxMjp7Il9hdXRoX3VzZXJfaWQiOiIxODQiLCJfYXV0aF91c2VyX2JhY2tlbmQiOiJkamFuZ28uY29udHJpYi5hdXRoLmJhY2tlbmRzLk1vZGVsQmFja2VuZCIsIl9hdXRoX3VzZXJfaGFzaCI6ImJhZDljZDQ5MTMyZjQ3MmZkYjdiOGUxOGI0MDlmZTY4ZmNlZDZhMjkifQ==", "expire_date": "2020-07-16T10:08:46.686Z"}}, {"model": "sessions.session", "pk": "vhf0zgpa77662a8fqjli5urktocose3x", "fields": {"session_data": "NDA1NDYwMjNlZDk4YTI0YTZkZjJhNjVkMmY0NmJmZmI5ODA2MWI4MTp7Il9hdXRoX3VzZXJfaWQiOiIxODYiLCJfYXV0aF91c2VyX2JhY2tlbmQiOiJkamFuZ28uY29udHJpYi5hdXRoLmJhY2tlbmRzLk1vZGVsQmFja2VuZCIsIl9hdXRoX3VzZXJfaGFzaCI6ImY0OWFlY2U4N2Y3ZTBmYTAyNTY3YWE5MzQzZWVkMjEyODlkOTk5MTEifQ==", "expire_date": "2020-07-22T07:13:55.255Z"}}, {"model": "sessions.session", "pk": "vzhh8l4cx44wuyns0nv7vgdw11eqcf6v", "fields": {"session_data": "MzdhODMxODhiNWZkMWM5MGIyYjg5YjUyOWM0NjJhNDQyYzNmMzg0ODp7Il9hdXRoX3VzZXJfaWQiOiIyMTEiLCJfYXV0aF91c2VyX2JhY2tlbmQiOiJkamFuZ28uY29udHJpYi5hdXRoLmJhY2tlbmRzLk1vZGVsQmFja2VuZCIsIl9hdXRoX3VzZXJfaGFzaCI6ImU2NmI5Mzg4MTY0MDZjZGYyYTQwNThiYTQzYTQxYjY4YjY3NjZkYmMifQ==", "expire_date": "2020-07-27T12:55:50.790Z"}}, {"model": "sessions.session", "pk": "w9sqnr4372g7ze0z58ok38fidjhztn3z", "fields": {"session_data": "MTM5ZTQ1ZWU3ODU4MjIxYTUxMGQyNzQ5MmVlNzlmOTQ3MzczNTZhZDp7fQ==", "expire_date": "2020-08-05T15:46:45.081Z"}}, {"model": "sessions.session", "pk": "wbidp15i90ctxxly9xxm5utsfrajucyy", "fields": {"session_data": "MzdhODMxODhiNWZkMWM5MGIyYjg5YjUyOWM0NjJhNDQyYzNmMzg0ODp7Il9hdXRoX3VzZXJfaWQiOiIyMTEiLCJfYXV0aF91c2VyX2JhY2tlbmQiOiJkamFuZ28uY29udHJpYi5hdXRoLmJhY2tlbmRzLk1vZGVsQmFja2VuZCIsIl9hdXRoX3VzZXJfaGFzaCI6ImU2NmI5Mzg4MTY0MDZjZGYyYTQwNThiYTQzYTQxYjY4YjY3NjZkYmMifQ==", "expire_date": "2020-07-23T20:03:13.609Z"}}, {"model": "sessions.session", "pk": "zxasdzyf4qs2hjcz4tz5ztykxxbtkh5n", "fields": {"session_data": "MTM5ZTQ1ZWU3ODU4MjIxYTUxMGQyNzQ5MmVlNzlmOTQ3MzczNTZhZDp7fQ==", "expire_date": "2020-08-02T07:05:14.448Z"}}, {"model": "exam.exam", "pk": 3, "fields": {"name": "\u062a\u0627\u0631\u06cc\u062e \u0627\u0645\u062a\u062d\u0627\u0646 \u06af\u0630\u0634\u062a\u0647", "time_starts": "2020-07-13T13:27:35Z", "time_ends": "2020-07-13T13:29:38Z", "dars": 2}}, {"model": "exam.exam", "pk": 4, "fields": {"name": "\u0627\u0645\u062a\u062d\u0627\u0646 \u0627\u06a9\u0646\u0648\u0646", "time_starts": "2020-07-13T13:30:09Z", "time_ends": "2020-07-13T15:30:14Z", "dars": 2}}, {"model": "exam.exam", "pk": 5, "fields": {"name": "\u062a\u0627\u0631\u06cc\u062e \u0627\u0645\u062a\u062d\u0627\u0646 \u0645\u0627\u0646\u062f\u0647", "time_starts": "2020-07-14T13:30:57Z", "time_ends": "2020-07-15T13:31:08Z", "dars": 2}}, {"model": "exam.exam", "pk": 6, "fields": {"name": "TestExamForToday", "time_starts": "2020-07-13T13:38:00Z", "time_ends": "2020-07-13T15:38:00Z", "dars": 2}}, {"model": "exam.exam", "pk": 7, "fields": {"name": "TestExamForTomorrw", "time_starts": "2020-07-14T13:38:00Z", "time_ends": "2020-07-14T15:38:00Z", "dars": 2}}, {"model": "exam.question", "pk": 1, "fields": {"name": "\u0633\u0648\u0627\u0644 \u0627\u0648\u0644 \u0627\u0632 \u0645\u0628\u062d\u062b \u0645\u062d\u0627\u0633\u0628\u0627\u062a", "number": 1, "question": "\u062f\u0631 \u062a\u0635\u0648\u06cc\u0631 \u0632\u06cc\u0631 \u0686\u0646\u062f \u06a9\u0628\u0648\u062a\u0631 \u0645\u06cc\u0628\u06cc\u0646\u06cc\u062f\u061f", "image": "questions/test/kabootar.jpeg", "exam": 6, "time_considered_to_solve_in_seconds": 1, "choice_one": "2", "choice_two": "3", "choice_three": "\u06a9\u0628\u0648\u062a\u0631\u06cc \u0646\u06cc\u0633\u062a", "choice_four": "\u0632\u06cc\u0627\u062f", "correct_ans": 4}}, {"model": "exam.question", "pk": 2, "fields": {"name": "\u062a\u0634\u062e\u06cc\u0635 \u0686\u0647\u0631\u0647", "number": 2, "question": "\u0622\u06cc\u0627 \u0645\u06cc\u062f\u0627\u0646\u06cc\u062f \u0627\u06cc\u0646 \u0639\u06a9\u0633 \u0645\u0631\u0628\u0648\u0637 \u0628 \u0686 \u06a9\u0633\u06cc \u0627\u0633\u062a\u061f", "image": "questions/test/hamed.jpeg", "exam": 6, "time_considered_to_solve_in_seconds": 1, "choice_one": "\u062d\u0633\u0646", "choice_two": "\u0645\u0647\u0646\u062f\u0633 \u0622\u0631\u0645\u0634", "choice_three": "\u0622\u0642\u0627 \u062d\u0627\u0645\u062f", "choice_four": "\u0645\u0647\u0646\u062f\u0633 \u0648\u0644\u06cc \u067e\u0648\u0631", "correct_ans": 3}}, {"model": "exam.question", "pk": 3, "fields": {"name": "\u0633\u0648\u0627\u0644 \u0633\u0648\u0645", "number": 3, "question": "\u062d\u0633\u0633\u062a \u0686\u06cc\u0647", "image": "questions/test/IMG_20200723_011930_680.jpg", "exam": 4, "time_considered_to_solve_in_seconds": 1, "choice_one": "\u062e\u0648\u0628", "choice_two": "\u0628\u062f", "choice_three": "\u062e\u06cc\u0644\u06cc \u062e\u0648\u0628", "choice_four": "\u0639\u0627\u0644\u06cc", "correct_ans": 4}}, {"model": "exam.testmodel", "pk": 1, "fields": {"name": "\u0627\u0645\u062a\u062d\u0627\u0646 \u062a\u0627\u0631\u06cc\u062e", "date_time": "2020-07-14T02:20:00Z", "date": "2020-07-02"}}, {"model": "klass.dars", "pk": 2, "fields": {"name": "\u0647\u062f\u06cc\u0647 \u0622\u0633\u0645\u0627\u0646\u06cc \u0627\u0648\u0644 \u0627\u0628\u062a\u062f\u0627\u06cc\u06cc", "passwd": "11", "Time_created": "2020-07-01T10:25:45.256Z", "teacher": 26, "students": [147, 148, 149, 150, 151, 178]}}, {"model": "klass.dars", "pk": 3, "fields": {"name": "\u0631\u06cc\u0627\u0636\u06cc \u0627\u0648\u0644 \u0627\u0628\u062a\u062f\u0627\u06cc\u06cc", "passwd": "12", "Time_created": "2020-07-01T10:25:46.048Z", "teacher": 26, "students": [147, 148, 149, 150, 151, 178]}}, {"model": "klass.dars", "pk": 4, "fields": {"name": "\u0642\u0631\u0622\u0646 \u0627\u0648\u0644 \u0627\u0628\u062a\u062f\u0627\u06cc\u06cc", "passwd": "13", "Time_created": "2020-07-01T10:25:46.184Z", "teacher": 26, "students": [147, 148, 149, 150, 151, 178]}}, {"model": "klass.dars", "pk": 5, "fields": {"name": "\u0641\u0627\u0631\u0633\u06cc \u0627\u0648\u0644 \u0627\u0628\u062a\u062f\u0627\u06cc\u06cc", "passwd": "14", "Time_created": "2020-07-01T10:25:46.331Z", "teacher": 26, "students": [147, 148, 149, 150, 151, 178]}}, {"model": "klass.dars", "pk": 6, "fields": {"name": "\u0639\u0644\u0648\u0645 \u0627\u0648\u0644 \u0627\u0628\u062a\u062f\u0627\u06cc\u06cc", "passwd": "15", "Time_created": "2020-07-01T10:25:46.477Z", "teacher": 26, "students": [147, 148, 149, 150, 151, 178]}}, {"model": "klass.dars", "pk": 7, "fields": {"name": "21", "passwd": "21", "Time_created": "2020-07-01T10:25:46.623Z", "teacher": 27, "students": [152, 153, 154, 155, 156]}}, {"model": "klass.dars", "pk": 8, "fields": {"name": "22", "passwd": "22", "Time_created": "2020-07-01T10:25:46.770Z", "teacher": 27, "students": [152, 153, 154, 155, 156]}}, {"model": "klass.dars", "pk": 9, "fields": {"name": "23", "passwd": "23", "Time_created": "2020-07-01T10:25:46.916Z", "teacher": 27, "students": [152, 153, 154, 155, 156]}}, {"model": "klass.dars", "pk": 10, "fields": {"name": "24", "passwd": "24", "Time_created": "2020-07-01T10:25:47.063Z", "teacher": 27, "students": [152, 153, 154, 155, 156]}}, {"model": "klass.dars", "pk": 11, "fields": {"name": "25", "passwd": "25", "Time_created": "2020-07-01T10:25:47.221Z", "teacher": 27, "students": [152, 153, 154, 155, 156]}}, {"model": "klass.dars", "pk": 12, "fields": {"name": "31", "passwd": "31", "Time_created": "2020-07-01T10:25:47.394Z", "teacher": 28, "students": [157, 158, 159, 160, 161]}}, {"model": "klass.dars", "pk": 13, "fields": {"name": "32", "passwd": "32", "Time_created": "2020-07-01T10:25:47.573Z", "teacher": 28, "students": [157, 158, 159, 160, 161]}}, {"model": "klass.dars", "pk": 14, "fields": {"name": "33", "passwd": "33", "Time_created": "2020-07-01T10:25:47.743Z", "teacher": 28, "students": [157, 158, 159, 160, 161]}}, {"model": "klass.dars", "pk": 15, "fields": {"name": "34", "passwd": "34", "Time_created": "2020-07-01T10:25:47.915Z", "teacher": 28, "students": [157, 158, 159, 160, 161]}}, {"model": "klass.dars", "pk": 16, "fields": {"name": "35", "passwd": "35", "Time_created": "2020-07-01T10:25:48.084Z", "teacher": 28, "students": [157, 158, 159, 160, 161]}}, {"model": "klass.dars", "pk": 17, "fields": {"name": "41", "passwd": "41", "Time_created": "2020-07-01T10:25:48.266Z", "teacher": 29, "students": [162, 163, 164, 165, 166]}}, {"model": "klass.dars", "pk": 18, "fields": {"name": "42", "passwd": "42", "Time_created": "2020-07-01T10:25:48.446Z", "teacher": 29, "students": [162, 163, 164, 165, 166]}}, {"model": "klass.dars", "pk": 19, "fields": {"name": "43", "passwd": "43", "Time_created": "2020-07-01T10:25:48.646Z", "teacher": 29, "students": [162, 163, 164, 165, 166]}}, {"model": "klass.dars", "pk": 20, "fields": {"name": "44", "passwd": "44", "Time_created": "2020-07-01T10:25:48.831Z", "teacher": 29, "students": [162, 163, 164, 165, 166]}}, {"model": "klass.dars", "pk": 21, "fields": {"name": "45", "passwd": "45", "Time_created": "2020-07-01T10:25:49.362Z", "teacher": 29, "students": [162, 163, 164, 165, 166]}}, {"model": "klass.dars", "pk": 22, "fields": {"name": "51", "passwd": "51", "Time_created": "2020-07-01T10:25:49.543Z", "teacher": 30, "students": [167, 168, 169, 170, 171]}}, {"model": "klass.dars", "pk": 23, "fields": {"name": "52", "passwd": "52", "Time_created": "2020-07-01T10:25:49.728Z", "teacher": 30, "students": [167, 168, 169, 170, 171]}}, {"model": "klass.dars", "pk": 24, "fields": {"name": "53", "passwd": "53", "Time_created": "2020-07-01T10:25:49.941Z", "teacher": 30, "students": [167, 168, 169, 170, 171]}}, {"model": "klass.dars", "pk": 25, "fields": {"name": "54", "passwd": "54", "Time_created": "2020-07-01T10:25:50.134Z", "teacher": 30, "students": [167, 168, 169, 170, 171]}}, {"model": "klass.dars", "pk": 26, "fields": {"name": "55", "passwd": "55", "Time_created": "2020-07-01T10:25:50.340Z", "teacher": 30, "students": [167, 168, 169, 170, 171]}}, {"model": "klass.dars", "pk": 27, "fields": {"name": "61", "passwd": "61", "Time_created": "2020-07-01T10:25:50.552Z", "teacher": 31, "students": [172, 173, 174, 175, 176]}}, {"model": "klass.dars", "pk": 28, "fields": {"name": "62", "passwd": "62", "Time_created": "2020-07-01T10:25:50.745Z", "teacher": 31, "students": [172, 173, 174, 175, 176]}}, {"model": "klass.dars", "pk": 29, "fields": {"name": "63", "passwd": "63", "Time_created": "2020-07-01T10:25:50.951Z", "teacher": 31, "students": [172, 173, 174, 175, 176]}}, {"model": "klass.dars", "pk": 30, "fields": {"name": "64", "passwd": "64", "Time_created": "2020-07-01T10:25:51.146Z", "teacher": 31, "students": [172, 173, 174, 175, 176]}}, {"model": "klass.dars", "pk": 31, "fields": {"name": "65", "passwd": "65", "Time_created": "2020-07-01T10:25:51.359Z", "teacher": 31, "students": [172, 173, 174, 175, 176]}}, {"model": "klass.tamrin", "pk": 1, "fields": {"name": "\u062a\u0645\u0631\u06cc\u0646 \u0633\u0631\u06cc \u0627\u0648\u0644", "dars": 7, "file": "tamrin/None/riazi2.jpg", "time_created": "2020-07-01T11:16:28.311Z", "time_expire": "2020-07-08T11:13:06Z"}}, {"model": "klass.tamrin", "pk": 2, "fields": {"name": "\u0633\u0631\u06cc \u062f\u0648\u0645", "dars": 7, "file": "tamrin/None/Screenshot_from_2020-07-04_13-35-10.png", "time_created": "2020-07-08T01:23:40.454Z", "time_expire": "2020-07-08T01:23:37Z"}}, {"model": "klass.tamrin", "pk": 3, "fields": {"name": "\u0633\u0631\u06cc \u0627\u0648\u0644", "dars": 8, "file": "tamrin/None/course.zip", "time_created": "2020-07-08T06:33:07.816Z", "time_expire": "2020-07-08T06:33:05Z"}}, {"model": "news.news", "pk": 1, "fields": {"title": "\u0633\u06cc\u0632\u062f\u0647\u0645 \u0622\u0628\u0627\u0646", "explanation": "\u0631\u0648\u0632 \u062f\u0627\u0646\u0634 \u0622\u0645\u0648\u0632 \u0645\u0628\u0627\u0631\u06a9", "time": "2020-07-16T12:12:03.217Z", "image": "news/156732738.jpg"}}, {"model": "news.news", "pk": 2, "fields": {"title": "\u062a\u0639\u0645\u06cc\u0631 \u0648 \u0628\u0627\u0632\u0633\u0627\u0632\u06cc \u0645\u062f\u0631\u0633\u0647", "explanation": "\u062d\u06cc\u0627\u0637 \u0648 \u0645\u062d\u0648\u0637\u0647 \u062a\u0627 \u0627\u0637\u0644\u0627\u0639 \u0628\u0639\u062f \u062f\u0631 \u062f\u0633\u062a \u062a\u0639\u0645\u06cc\u0631 \u0627\u0633\u062a", "time": "2020-06-26T20:48:52.149Z", "image": "news/WhatsApp-Image-2020-02-08-at-2.47.24-PM-400x300.jpeg"}}, {"model": "news.news", "pk": 3, "fields": {"title": "\u062b\u0628\u062a \u0646\u0627\u0645", "explanation": "\u062f\u0631 \u062a\u0627\u0631\u06cc\u062e \u06f1\u06f6 \u0627\u0644\u06cc \u06f2\u06f2 \u0634\u0647\u0631\u06cc\u0648\u0631 \u0645\u0647\u0644\u062a \u062b\u0628\u062a \u0646\u0627\u0645 \u0628\u0627\u0642\u06cc \u0627\u0633\u062a\u0628\u062b\u0628\u062b\u0633\u0634\u0628\u0633\u0633\u0633\u0633\u0633\u0633\u0633\u0633\u0633\u0633\u0633\u0633\u0633\u0633\u0633\u0633\u0633\u0633\u0633\u0633\u0633\u0633\u0633\u0633\u0633\u0633\u0633\u0633\u0633\u0633\u0633\u0633\u062b\u0644\u0642\u062b\u0634\u0644\u062b \u062b\u0642\u062a\u0644 \u062a\u0644\u0647\u0636\u062b \u0642\u062b\u062a\u0644 \u062b\u0642 \u0647\u062a\u062b", "time": "2020-06-30T06:16:46.140Z", "image": "news/636935205427753223.jpg"}}, {"model": "news.news", "pk": 6, "fields": {"title": "\u0634\u0648\u0631\u0627", "explanation": "\u0628\u0631\u06af\u0632\u0627\u0631\u06cc \u0627\u0646\u062a\u062d\u0627\u0628\u0627\u062a \u0634\u0648\u0631\u0627\u06cc \u062f\u0627\u0646\u0634 \u0622\u0645\u0648\u0632\u06cc \u062f\u0631 \u06f2\u06f2 \u0628\u0647\u0645\u0646", "time": "2020-06-30T07:49:22.284Z", "image": "news/shora.jpg"}}, {"model": "news.news", "pk": 10, "fields": {"title": "\u06a9\u0631\u0648\u0646\u0627", "explanation": "\u0628\u0647 \u06af\u0632\u0627\u0631\u0634 \u0627\u0644\u0641\u060c \u0633\u06cc\u0645\u0627\u0633\u0627\u062f\u0627\u062a \u0644\u0627\u0631\u06cc\u060c \u0633\u062e\u0646\u06af\u0648\u06cc \u0648\u0632\u0627\u0631\u062a \u0628\u0647\u062f\u0627\u0634\u062a \u0646\u06cc\u0632 \u062e\u0628\u0631 \u062f\u0627\u062f\u0647 \u0627\u0633\u062a \u06a9\u0647 \u062f\u0631  24 \u0633\u0627\u0639\u062a \u0645\u0646\u062a\u0647\u06cc \u0628\u0647 24 \u062a\u06cc\u0631 \u0648 \u0628\u0631 \u0627\u0633\u0627\u0633 \u0645\u0639\u06cc\u0627\u0631\u0647\u0627\u06cc \u0642\u0637\u0639\u06cc \u062a\u0634\u062e\u06cc\u0635\u06cc\u060c \u062f\u0648 \u0647\u0632\u0627\u0631 \u0648 \u06f5\u06f2\u06f1 \u0628\u06cc\u0645\u0627\u0631 \u062c\u062f\u06cc\u062f \u0645\u0628\u062a\u0644\u0627 \u0628\u0647 \u06a9\u0648\u0648\u06cc\u062f-\u06f1\u06f9 \u062f\u0631 \u06a9\u0634\u0648\u0631 \u0634\u0646\u0627\u0633\u0627\u06cc\u06cc \u0634\u062f\u0647 \u0627\u0633\u062a \u06a9\u0647 \u0647\u0632\u0627\u0631 \u0648 \u06f8\u06f2\u06f0 \u0646\u0641\u0631 \u0627\u0632 \u0622\u0646\u0647\u0627 \u0628\u0633\u062a\u0631\u06cc \u0634\u062f\u0646\u062f. \u0628\u0646\u0627\u0628\u0631\u0627\u06cc\u0646 \u0645\u062c\u0645\u0648\u0639 \u0628\u06cc\u0645\u0627\u0631\u0627\u0646 \u06a9\u0648\u0648\u06cc\u062f-\u06f1\u06f9 \u062f\u0631 \u06a9\u0634\u0648\u0631 \u0628\u0647 \u06f2\u06f6\u06f2 \u0647\u0632\u0627\u0631 \u0648 \u06f1\u06f7\u06f3 \u0646\u0641\u0631 \u0631\u0633\u06cc\u062f.  \u062f\u0631 \u0647\u0645\u06cc\u0646 \u0628\u0627\u0632\u0647 \u0632\u0645\u0627\u0646\u06cc \u0646\u06cc\u0632 \u06f1\u06f7\u06f9 \u0628\u06cc\u0645\u0627\u0631 \u06a9\u0648\u0648\u06cc\u062f-\u06f1\u06f9 \u062c\u0627\u0646 \u062e\u0648\u062f \u0631\u0627 \u0627\u0632 \u062f\u0633\u062a \u062f\u0627\u062f\u0646\u062f \u0648 \u0645\u062c\u0645\u0648\u0639 \u062c\u0627\u0646\u200c\u0628\u0627\u062e\u062a\u06af\u0627\u0646 \u0627\u06cc\u0646 \u0628\u06cc\u0645\u0627\u0631\u06cc \u062f\u0631 \u0627\u06cc\u0631\u0627\u0646 \u0628\u0647 \u06f1\u06f3 \u0647\u0632\u0627\u0631 \u0648 \u06f2\u06f1\u06f1 \u0646\u0641\u0631 \u0631\u0633\u06cc\u062f. \u0647\u0645\u0686\u0646\u06cc\u0646 \u0647\u0645 \u0627\u06a9\u0646\u0648\u0646 \u0633\u0647 \u0647\u0632\u0627\u0631 \u0648 \u06f3\u06f8\u06f9 \u0646\u0641\u0631 \u0627\u0632 \u0628\u06cc\u0645\u0627\u0631\u0627\u0646 \u0645\u0628\u062a\u0644\u0627 \u0628\u0647 \u06a9\u0648\u0648\u06cc\u062f-\u06f1\u06f9", "time": "2020-07-16T13:38:27.918Z", "image": "news/corona.jpg"}}, {"model": "auth.permission", "pk": 1, "fields": {"name": "Can add log entry", "content_type": 1, "codename": "add_logentry"}}, {"model": "auth.permission", "pk": 2, "fields": {"name": "Can change log entry", "content_type": 1, "codename": "change_logentry"}}, {"model": "auth.permission", "pk": 3, "fields": {"name": "Can delete log entry", "content_type": 1, "codename": "delete_logentry"}}, {"model": "auth.permission", "pk": 4, "fields": {"name": "Can view log entry", "content_type": 1, "codename": "view_logentry"}}, {"model": "auth.permission", "pk": 5, "fields": {"name": "Can add permission", "content_type": 2, "codename": "add_permission"}}, {"model": "auth.permission", "pk": 6, "fields": {"name": "Can change permission", "content_type": 2, "codename": "change_permission"}}, {"model": "auth.permission", "pk": 7, "fields": {"name": "Can delete permission", "content_type": 2, "codename": "delete_permission"}}, {"model": "auth.permission", "pk": 8, "fields": {"name": "Can view permission", "content_type": 2, "codename": "view_permission"}}, {"model": "auth.permission", "pk": 9, "fields": {"name": "Can add group", "content_type": 3, "codename": "add_group"}}, {"model": "auth.permission", "pk": 10, "fields": {"name": "Can change group", "content_type": 3, "codename": "change_group"}}, {"model": "auth.permission", "pk": 11, "fields": {"name": "Can delete group", "content_type": 3, "codename": "delete_group"}}, {"model": "auth.permission", "pk": 12, "fields": {"name": "Can view group", "content_type": 3, "codename": "view_group"}}, {"model": "auth.permission", "pk": 13, "fields": {"name": "Can add user", "content_type": 4, "codename": "add_user"}}, {"model": "auth.permission", "pk": 14, "fields": {"name": "Can change user", "content_type": 4, "codename": "change_user"}}, {"model": "auth.permission", "pk": 15, "fields": {"name": "Can delete user", "content_type": 4, "codename": "delete_user"}}, {"model": "auth.permission", "pk": 16, "fields": {"name": "Can view user", "content_type": 4, "codename": "view_user"}}, {"model": "auth.permission", "pk": 17, "fields": {"name": "Can add content type", "content_type": 5, "codename": "add_contenttype"}}, {"model": "auth.permission", "pk": 18, "fields": {"name": "Can change content type", "content_type": 5, "codename": "change_contenttype"}}, {"model": "auth.permission", "pk": 19, "fields": {"name": "Can delete content type", "content_type": 5, "codename": "delete_contenttype"}}, {"model": "auth.permission", "pk": 20, "fields": {"name": "Can view content type", "content_type": 5, "codename": "view_contenttype"}}, {"model": "auth.permission", "pk": 21, "fields": {"name": "Can add session", "content_type": 6, "codename": "add_session"}}, {"model": "auth.permission", "pk": 22, "fields": {"name": "Can change session", "content_type": 6, "codename": "change_session"}}, {"model": "auth.permission", "pk": 23, "fields": {"name": "Can delete session", "content_type": 6, "codename": "delete_session"}}, {"model": "auth.permission", "pk": 24, "fields": {"name": "Can view session", "content_type": 6, "codename": "view_session"}}, {"model": "auth.permission", "pk": 25, "fields": {"name": "Can add answer", "content_type": 7, "codename": "add_answer"}}, {"model": "auth.permission", "pk": 26, "fields": {"name": "Can change answer", "content_type": 7, "codename": "change_answer"}}, {"model": "auth.permission", "pk": 27, "fields": {"name": "Can delete answer", "content_type": 7, "codename": "delete_answer"}}, {"model": "auth.permission", "pk": 28, "fields": {"name": "Can view answer", "content_type": 7, "codename": "view_answer"}}, {"model": "auth.permission", "pk": 29, "fields": {"name": "Can add exam", "content_type": 8, "codename": "add_exam"}}, {"model": "auth.permission", "pk": 30, "fields": {"name": "Can change exam", "content_type": 8, "codename": "change_exam"}}, {"model": "auth.permission", "pk": 31, "fields": {"name": "Can delete exam", "content_type": 8, "codename": "delete_exam"}}, {"model": "auth.permission", "pk": 32, "fields": {"name": "Can view exam", "content_type": 8, "codename": "view_exam"}}, {"model": "auth.permission", "pk": 33, "fields": {"name": "Can add question", "content_type": 9, "codename": "add_question"}}, {"model": "auth.permission", "pk": 34, "fields": {"name": "Can change question", "content_type": 9, "codename": "change_question"}}, {"model": "auth.permission", "pk": 35, "fields": {"name": "Can delete question", "content_type": 9, "codename": "delete_question"}}, {"model": "auth.permission", "pk": 36, "fields": {"name": "Can view question", "content_type": 9, "codename": "view_question"}}, {"model": "auth.permission", "pk": 37, "fields": {"name": "Can add user", "content_type": 10, "codename": "add_new"}}, {"model": "auth.permission", "pk": 38, "fields": {"name": "Can change user", "content_type": 10, "codename": "change_new"}}, {"model": "auth.permission", "pk": 39, "fields": {"name": "Can delete user", "content_type": 10, "codename": "delete_new"}}, {"model": "auth.permission", "pk": 40, "fields": {"name": "Can view user", "content_type": 10, "codename": "view_new"}}, {"model": "auth.permission", "pk": 41, "fields": {"name": "Can add teacher", "content_type": 11, "codename": "add_teacher"}}, {"model": "auth.permission", "pk": 42, "fields": {"name": "Can change teacher", "content_type": 11, "codename": "change_teacher"}}, {"model": "auth.permission", "pk": 43, "fields": {"name": "Can delete teacher", "content_type": 11, "codename": "delete_teacher"}}, {"model": "auth.permission", "pk": 44, "fields": {"name": "Can view teacher", "content_type": 11, "codename": "view_teacher"}}, {"model": "auth.permission", "pk": 45, "fields": {"name": "Can add student", "content_type": 12, "codename": "add_student"}}, {"model": "auth.permission", "pk": 46, "fields": {"name": "Can change student", "content_type": 12, "codename": "change_student"}}, {"model": "auth.permission", "pk": 47, "fields": {"name": "Can delete student", "content_type": 12, "codename": "delete_student"}}, {"model": "auth.permission", "pk": 48, "fields": {"name": "Can view student", "content_type": 12, "codename": "view_student"}}, {"model": "auth.permission", "pk": 49, "fields": {"name": "Can add dars", "content_type": 13, "codename": "add_dars"}}, {"model": "auth.permission", "pk": 50, "fields": {"name": "Can change dars", "content_type": 13, "codename": "change_dars"}}, {"model": "auth.permission", "pk": 51, "fields": {"name": "Can delete dars", "content_type": 13, "codename": "delete_dars"}}, {"model": "auth.permission", "pk": 52, "fields": {"name": "Can view dars", "content_type": 13, "codename": "view_dars"}}, {"model": "auth.permission", "pk": 53, "fields": {"name": "Can add image", "content_type": 14, "codename": "add_image"}}, {"model": "auth.permission", "pk": 54, "fields": {"name": "Can change image", "content_type": 14, "codename": "change_image"}}, {"model": "auth.permission", "pk": 55, "fields": {"name": "Can delete image", "content_type": 14, "codename": "delete_image"}}, {"model": "auth.permission", "pk": 56, "fields": {"name": "Can view image", "content_type": 14, "codename": "view_image"}}, {"model": "auth.permission", "pk": 57, "fields": {"name": "Can add video", "content_type": 15, "codename": "add_video"}}, {"model": "auth.permission", "pk": 58, "fields": {"name": "Can change video", "content_type": 15, "codename": "change_video"}}, {"model": "auth.permission", "pk": 59, "fields": {"name": "Can delete video", "content_type": 15, "codename": "delete_video"}}, {"model": "auth.permission", "pk": 60, "fields": {"name": "Can view video", "content_type": 15, "codename": "view_video"}}, {"model": "auth.permission", "pk": 61, "fields": {"name": "Can add room name", "content_type": 16, "codename": "add_roomname"}}, {"model": "auth.permission", "pk": 62, "fields": {"name": "Can change room name", "content_type": 16, "codename": "change_roomname"}}, {"model": "auth.permission", "pk": 63, "fields": {"name": "Can delete room name", "content_type": 16, "codename": "delete_roomname"}}, {"model": "auth.permission", "pk": 64, "fields": {"name": "Can view room name", "content_type": 16, "codename": "view_roomname"}}, {"model": "auth.permission", "pk": 65, "fields": {"name": "Can add user", "content_type": 17, "codename": "add_person"}}, {"model": "auth.permission", "pk": 66, "fields": {"name": "Can change user", "content_type": 17, "codename": "change_person"}}, {"model": "auth.permission", "pk": 67, "fields": {"name": "Can delete user", "content_type": 17, "codename": "delete_person"}}, {"model": "auth.permission", "pk": 68, "fields": {"name": "Can view user", "content_type": 17, "codename": "view_person"}}, {"model": "auth.permission", "pk": 69, "fields": {"name": "Can add message", "content_type": 18, "codename": "add_message"}}, {"model": "auth.permission", "pk": 70, "fields": {"name": "Can change message", "content_type": 18, "codename": "change_message"}}, {"model": "auth.permission", "pk": 71, "fields": {"name": "Can delete message", "content_type": 18, "codename": "delete_message"}}, {"model": "auth.permission", "pk": 72, "fields": {"name": "Can view message", "content_type": 18, "codename": "view_message"}}, {"model": "auth.permission", "pk": 73, "fields": {"name": "Can add news", "content_type": 19, "codename": "add_news"}}, {"model": "auth.permission", "pk": 74, "fields": {"name": "Can change news", "content_type": 19, "codename": "change_news"}}, {"model": "auth.permission", "pk": 75, "fields": {"name": "Can delete news", "content_type": 19, "codename": "delete_news"}}, {"model": "auth.permission", "pk": 76, "fields": {"name": "Can view news", "content_type": 19, "codename": "view_news"}}, {"model": "auth.permission", "pk": 77, "fields": {"name": "Can add comments", "content_type": 20, "codename": "add_comments"}}, {"model": "auth.permission", "pk": 78, "fields": {"name": "Can change comments", "content_type": 20, "codename": "change_comments"}}, {"model": "auth.permission", "pk": 79, "fields": {"name": "Can delete comments", "content_type": 20, "codename": "delete_comments"}}, {"model": "auth.permission", "pk": 80, "fields": {"name": "Can view comments", "content_type": 20, "codename": "view_comments"}}, {"model": "auth.permission", "pk": 81, "fields": {"name": "Can add online user activity", "content_type": 21, "codename": "add_onlineuseractivity"}}, {"model": "auth.permission", "pk": 82, "fields": {"name": "Can change online user activity", "content_type": 21, "codename": "change_onlineuseractivity"}}, {"model": "auth.permission", "pk": 83, "fields": {"name": "Can delete online user activity", "content_type": 21, "codename": "delete_onlineuseractivity"}}, {"model": "auth.permission", "pk": 84, "fields": {"name": "Can view online user activity", "content_type": 21, "codename": "view_onlineuseractivity"}}, {"model": "auth.permission", "pk": 85, "fields": {"name": "Can add tamrin", "content_type": 22, "codename": "add_tamrin"}}, {"model": "auth.permission", "pk": 86, "fields": {"name": "Can change tamrin", "content_type": 22, "codename": "change_tamrin"}}, {"model": "auth.permission", "pk": 87, "fields": {"name": "Can delete tamrin", "content_type": 22, "codename": "delete_tamrin"}}, {"model": "auth.permission", "pk": 88, "fields": {"name": "Can view tamrin", "content_type": 22, "codename": "view_tamrin"}}, {"model": "auth.permission", "pk": 89, "fields": {"name": "Can add w question", "content_type": 23, "codename": "add_wquestion"}}, {"model": "auth.permission", "pk": 90, "fields": {"name": "Can change w question", "content_type": 23, "codename": "change_wquestion"}}, {"model": "auth.permission", "pk": 91, "fields": {"name": "Can delete w question", "content_type": 23, "codename": "delete_wquestion"}}, {"model": "auth.permission", "pk": 92, "fields": {"name": "Can view w question", "content_type": 23, "codename": "view_wquestion"}}, {"model": "auth.permission", "pk": 93, "fields": {"name": "Can add jd", "content_type": 24, "codename": "add_jd"}}, {"model": "auth.permission", "pk": 94, "fields": {"name": "Can change jd", "content_type": 24, "codename": "change_jd"}}, {"model": "auth.permission", "pk": 95, "fields": {"name": "Can delete jd", "content_type": 24, "codename": "delete_jd"}}, {"model": "auth.permission", "pk": 96, "fields": {"name": "Can view jd", "content_type": 24, "codename": "view_jd"}}, {"model": "auth.permission", "pk": 97, "fields": {"name": "Can add test model", "content_type": 25, "codename": "add_testmodel"}}, {"model": "auth.permission", "pk": 98, "fields": {"name": "Can change test model", "content_type": 25, "codename": "change_testmodel"}}, {"model": "auth.permission", "pk": 99, "fields": {"name": "Can delete test model", "content_type": 25, "codename": "delete_testmodel"}}, {"model": "auth.permission", "pk": 100, "fields": {"name": "Can view test model", "content_type": 25, "codename": "view_testmodel"}}, {"model": "auth.permission", "pk": 101, "fields": {"name": "Can add upload", "content_type": 26, "codename": "add_upload"}}, {"model": "auth.permission", "pk": 102, "fields": {"name": "Can change upload", "content_type": 26, "codename": "change_upload"}}, {"model": "auth.permission", "pk": 103, "fields": {"name": "Can delete upload", "content_type": 26, "codename": "delete_upload"}}, {"model": "auth.permission", "pk": 104, "fields": {"name": "Can view upload", "content_type": 26, "codename": "view_upload"}}, {"model": "auth.user", "pk": 175, "fields": {"password": "pbkdf2_sha256$180000$P4q7VrlNyiR1$sLGuKdOpW2i6OZYeyTTsJmukOAtnaJVNZcFz2OKzabw=", "last_login": null, "is_superuser": false, "username": "teacher1", "first_name": "\u0645\u0639\u0644\u0645 1", "last_name": "", "email": "", "is_staff": false, "is_active": true, "date_joined": "2020-07-01T09:51:31.101Z", "groups": [], "user_permissions": []}}, {"model": "auth.user", "pk": 176, "fields": {"password": "pbkdf2_sha256$180000$MfjbU4EyDcGI$5ni0wOBwpizupCN2Wk0rXCJSimyhYZfxa6wxxoud71k=", "last_login": null, "is_superuser": false, "username": "teacher2", "first_name": "\u0645\u0639\u0644\u0645 2", "last_name": "", "email": "", "is_staff": false, "is_active": true, "date_joined": "2020-07-01T09:51:31.415Z", "groups": [], "user_permissions": []}}, {"model": "auth.user", "pk": 177, "fields": {"password": "pbkdf2_sha256$180000$oKHrDaxJrpwn$cKTJqRa33zMm8hG8weLpC4AAGIjrjTAYGlY5nmmMkkU=", "last_login": null, "is_superuser": false, "username": "teacher3", "first_name": "\u0645\u0639\u0644\u0645 3", "last_name": "", "email": "", "is_staff": false, "is_active": true, "date_joined": "2020-07-01T09:51:31.693Z", "groups": [], "user_permissions": []}}, {"model": "auth.user", "pk": 178, "fields": {"password": "pbkdf2_sha256$180000$C6nMaBCVxxCc$39hv5eWqoJ2ptxLq3ddYwgHMYkT7Qwre5nmR6L5XeFg=", "last_login": null, "is_superuser": false, "username": "teacher4", "first_name": "\u0645\u0639\u0644\u0645 4", "last_name": "", "email": "", "is_staff": false, "is_active": true, "date_joined": "2020-07-01T09:51:31.961Z", "groups": [], "user_permissions": []}}, {"model": "auth.user", "pk": 179, "fields": {"password": "pbkdf2_sha256$180000$6acwZ93buZVA$X8DD8JQmtbfGsY5E69P62yTBe8CdeBpKNtv6Q1t2OMo=", "last_login": null, "is_superuser": false, "username": "teacher5", "first_name": "\u0645\u0639\u0644\u0645 5", "last_name": "", "email": "", "is_staff": false, "is_active": true, "date_joined": "2020-07-01T09:51:32.217Z", "groups": [], "user_permissions": []}}, {"model": "auth.user", "pk": 180, "fields": {"password": "pbkdf2_sha256$180000$TClMEuQbmBXg$vLWlGAegbslN1Uem1qv2twiOQt0w7yEtgaMMNRpVgKQ=", "last_login": "2020-07-13T12:00:13.018Z", "is_superuser": false, "username": "teacher6", "first_name": "\u0645\u0639\u0644\u0645 6", "last_name": "", "email": "", "is_staff": false, "is_active": true, "date_joined": "2020-07-01T09:51:32.496Z", "groups": [], "user_permissions": []}}, {"model": "auth.user", "pk": 181, "fields": {"password": "pbkdf2_sha256$180000$ZVbkNI77VWgt$M2qTRO86UIUwe715aKpgU9GokGXt4P/hLAoFcVXltaw=", "last_login": "2020-07-19T03:12:24Z", "is_superuser": false, "username": "amirhasan", "first_name": "\u0627\u0645\u06cc\u0631\u062d\u0633\u0646", "last_name": "\u0633\u0639\u0627\u062f\u062a\u0645\u0646\u062f", "email": "", "is_staff": false, "is_active": true, "date_joined": "2020-07-01T09:52:13Z", "groups": [], "user_permissions": []}}, {"model": "auth.user", "pk": 182, "fields": {"password": "pbkdf2_sha256$180000$5s0n2RsUX5bM$lSJOdAiqbB19Pi63TvDnEoHOK+nM2nlMh61hHFLkmIs=", "last_login": "2020-07-12T11:03:43.505Z", "is_superuser": false, "username": "student12", "first_name": "\u062f\u0627\u0646\u063412", "last_name": "", "email": "", "is_staff": false, "is_active": true, "date_joined": "2020-07-01T09:52:14.240Z", "groups": [], "user_permissions": []}}, {"model": "auth.user", "pk": 183, "fields": {"password": "pbkdf2_sha256$180000$AAEble3GQagy$LWZpv6BhQVtal0Hbq4Kn/fdtTCGuoDHFQVqTxvjUG24=", "last_login": null, "is_superuser": false, "username": "student13", "first_name": "\u062f\u0627\u0646\u063413", "last_name": "", "email": "", "is_staff": false, "is_active": true, "date_joined": "2020-07-01T09:52:14.508Z", "groups": [], "user_permissions": []}}, {"model": "auth.user", "pk": 184, "fields": {"password": "pbkdf2_sha256$180000$wSYYtekPcBDW$UiG9RxcgUJ7FDAxfjP4q54X5GkYSrPG0SN4nkhkRooc=", "last_login": "2020-07-19T03:08:07.686Z", "is_superuser": false, "username": "student14", "first_name": "\u062f\u0627\u0646\u063414", "last_name": "", "email": "", "is_staff": false, "is_active": true, "date_joined": "2020-07-01T09:52:15.017Z", "groups": [], "user_permissions": []}}, {"model": "auth.user", "pk": 185, "fields": {"password": "pbkdf2_sha256$180000$FwUV0nXAiaXf$0uQRf9Op8OcPUvTjktX7RCHZEPzbDy+NO344Fr7+4c0=", "last_login": "2020-07-09T18:18:33.833Z", "is_superuser": false, "username": "student15", "first_name": "\u062f\u0627\u0646\u063415", "last_name": "", "email": "", "is_staff": false, "is_active": true, "date_joined": "2020-07-01T09:52:15.285Z", "groups": [], "user_permissions": []}}, {"model": "auth.user", "pk": 186, "fields": {"password": "pbkdf2_sha256$180000$I0AOK1sMh9hB$h4DxPv0swixYq92vAoWHXHq9U19oaN7nLn9V8HJ6lpw=", "last_login": "2020-07-08T07:13:55.126Z", "is_superuser": false, "username": "student21", "first_name": "\u062f\u0627\u0646\u063421", "last_name": "", "email": "", "is_staff": false, "is_active": true, "date_joined": "2020-07-01T09:52:15.541Z", "groups": [], "user_permissions": []}}, {"model": "auth.user", "pk": 187, "fields": {"password": "pbkdf2_sha256$180000$DJwD9Mf4PYiE$MhDg8znOktRPr0PPC34bneUSpI68nXORO45qc3DmtxU=", "last_login": "2020-07-08T01:24:27.531Z", "is_superuser": false, "username": "student22", "first_name": "\u062f\u0627\u0646\u063422", "last_name": "", "email": "", "is_staff": false, "is_active": true, "date_joined": "2020-07-01T09:52:15.809Z", "groups": [], "user_permissions": []}}, {"model": "auth.user", "pk": 188, "fields": {"password": "pbkdf2_sha256$180000$U0uKfaXbj156$O+c7oCk1f1Hmtv6jEIPNkAksgLaG8alTZ39myCZBtk0=", "last_login": "2020-07-12T10:55:47.746Z", "is_superuser": false, "username": "student23", "first_name": "\u062f\u0627\u0646\u063423", "last_name": "", "email": "", "is_staff": false, "is_active": true, "date_joined": "2020-07-01T09:52:16.082Z", "groups": [], "user_permissions": []}}, {"model": "auth.user", "pk": 189, "fields": {"password": "pbkdf2_sha256$180000$a5ZI7iclhaiX$nFEpB11sY+xT2nfbLXNzrOXKTOLlfp+8fR46OaGTo+g=", "last_login": null, "is_superuser": false, "username": "student24", "first_name": "\u062f\u0627\u0646\u063424", "last_name": "", "email": "", "is_staff": false, "is_active": true, "date_joined": "2020-07-01T09:52:16.372Z", "groups": [], "user_permissions": []}}, {"model": "auth.user", "pk": 190, "fields": {"password": "pbkdf2_sha256$180000$q97lArV0m5hk$RvLxtV2LnDp3z4vxm1GX/2EtwjhtX0vshtbzgV5IwdA=", "last_login": null, "is_superuser": false, "username": "student25", "first_name": "\u062f\u0627\u0646\u063425", "last_name": "", "email": "", "is_staff": false, "is_active": true, "date_joined": "2020-07-01T09:52:16.669Z", "groups": [], "user_permissions": []}}, {"model": "auth.user", "pk": 191, "fields": {"password": "pbkdf2_sha256$180000$W0Yu6ynASb7F$WWEWt3Fh1WgCcZX53+gEhZEy9VA9sIzjDglmHavM2bM=", "last_login": null, "is_superuser": false, "username": "student31", "first_name": "\u062f\u0627\u0646\u063431", "last_name": "", "email": "", "is_staff": false, "is_active": true, "date_joined": "2020-07-01T09:52:16.971Z", "groups": [], "user_permissions": []}}, {"model": "auth.user", "pk": 192, "fields": {"password": "pbkdf2_sha256$180000$pmHxZEah0P3z$hZaAKkjxaPv0oIBFYQc9MbOhnOS1f8klInWM0vLf3pQ=", "last_login": "2020-07-07T10:02:00.263Z", "is_superuser": false, "username": "student32", "first_name": "\u062f\u0627\u0646\u063432", "last_name": "", "email": "", "is_staff": false, "is_active": true, "date_joined": "2020-07-01T09:52:17.263Z", "groups": [], "user_permissions": []}}, {"model": "auth.user", "pk": 193, "fields": {"password": "pbkdf2_sha256$180000$X6Tg3ym54FYJ$YPLSMAZfBaIImPET5JRLbL+is3j9M0sWIBC0U2XU0Qw=", "last_login": null, "is_superuser": false, "username": "student33", "first_name": "\u062f\u0627\u0646\u063433", "last_name": "", "email": "", "is_staff": false, "is_active": true, "date_joined": "2020-07-01T09:52:17.554Z", "groups": [], "user_permissions": []}}, {"model": "auth.user", "pk": 194, "fields": {"password": "pbkdf2_sha256$180000$m8emH6yzpl9I$18DFtWYvUlimWKv05beNBPoPI7vW1Nond/h5nR5iIbY=", "last_login": "2020-07-04T14:30:28.811Z", "is_superuser": false, "username": "student34", "first_name": "\u062f\u0627\u0646\u063434", "last_name": "", "email": "", "is_staff": false, "is_active": true, "date_joined": "2020-07-01T09:52:17.845Z", "groups": [], "user_permissions": []}}, {"model": "auth.user", "pk": 195, "fields": {"password": "pbkdf2_sha256$180000$jHgwQu1PUhed$NWS16nGxD1w78kF2IkHky28+bnid+e/XnorDsuCg+I0=", "last_login": null, "is_superuser": false, "username": "student35", "first_name": "\u062f\u0627\u0646\u063435", "last_name": "", "email": "", "is_staff": false, "is_active": true, "date_joined": "2020-07-01T09:52:18.454Z", "groups": [], "user_permissions": []}}, {"model": "auth.user", "pk": 196, "fields": {"password": "pbkdf2_sha256$180000$1Z3ZoXYUPTya$Jbwk18mWKQjM5EKc9SUaCZ2dqPmonrvi0+moGIUb8vA=", "last_login": "2020-07-06T12:46:11.363Z", "is_superuser": false, "username": "student41", "first_name": "\u062f\u0627\u0646\u063441", "last_name": "", "email": "", "is_staff": false, "is_active": true, "date_joined": "2020-07-01T09:52:18.723Z", "groups": [], "user_permissions": []}}, {"model": "auth.user", "pk": 197, "fields": {"password": "pbkdf2_sha256$180000$edKcX5oT6XSQ$TKYkYaLdU7ofOMZ6gaa2p5daaW15+4M0xpvBegCbLGw=", "last_login": null, "is_superuser": false, "username": "student42", "first_name": "\u062f\u0627\u0646\u063442", "last_name": "", "email": "", "is_staff": false, "is_active": true, "date_joined": "2020-07-01T09:52:19.015Z", "groups": [], "user_permissions": []}}, {"model": "auth.user", "pk": 198, "fields": {"password": "pbkdf2_sha256$180000$wnc0IQd9A7p3$dAKyMB30SvlA5NUYu/VQc55Mp/5dMHr0qJNM81JmwJQ=", "last_login": "2020-07-07T13:38:53.254Z", "is_superuser": false, "username": "student43", "first_name": "\u062f\u0627\u0646\u063443", "last_name": "", "email": "", "is_staff": false, "is_active": true, "date_joined": "2020-07-01T09:52:19.317Z", "groups": [], "user_permissions": []}}, {"model": "auth.user", "pk": 199, "fields": {"password": "pbkdf2_sha256$180000$YHoXhmMWND1Q$rny6M+xMdluAVIwjAxYRFqw6xakR+jFjIKJB02Ge7Fs=", "last_login": "2020-07-04T15:44:24.579Z", "is_superuser": false, "username": "student44", "first_name": "\u062f\u0627\u0646\u063444", "last_name": "", "email": "", "is_staff": false, "is_active": true, "date_joined": "2020-07-01T09:52:19.620Z", "groups": [], "user_permissions": []}}, {"model": "auth.user", "pk": 200, "fields": {"password": "pbkdf2_sha256$180000$YyxNKWYz1Vyu$4hP83rHHJY+uGLaW6A5ZsWhb4X7DpKNWJb7VY5ZY7XU=", "last_login": null, "is_superuser": false, "username": "student45", "first_name": "\u062f\u0627\u0646\u063445", "last_name": "", "email": "", "is_staff": false, "is_active": true, "date_joined": "2020-07-01T09:52:19.929Z", "groups": [], "user_permissions": []}}, {"model": "auth.user", "pk": 201, "fields": {"password": "pbkdf2_sha256$180000$W1H3u4yHv9Bo$PhrQ0EhDpUpVkX+SxcDauVlWjWG5L7wVJslp0FPvZvY=", "last_login": null, "is_superuser": false, "username": "student51", "first_name": "\u062f\u0627\u0646\u063451", "last_name": "", "email": "", "is_staff": false, "is_active": true, "date_joined": "2020-07-01T09:52:20.244Z", "groups": [], "user_permissions": []}}, {"model": "auth.user", "pk": 202, "fields": {"password": "pbkdf2_sha256$180000$pRR1xz4AhJs3$Y0PVnNjeiEuF6RWMdQ6WUSQCw41dfIDw3Mmclf5mCOc=", "last_login": null, "is_superuser": false, "username": "student52", "first_name": "\u062f\u0627\u0646\u063452", "last_name": "", "email": "", "is_staff": false, "is_active": true, "date_joined": "2020-07-01T09:52:20.570Z", "groups": [], "user_permissions": []}}, {"model": "auth.user", "pk": 203, "fields": {"password": "pbkdf2_sha256$180000$pAtw4Pa61R5a$LAZHBOoqRV2M1/vUo56W0NCHVCgZzNAIYtv1UEZkr6E=", "last_login": null, "is_superuser": false, "username": "student53", "first_name": "\u062f\u0627\u0646\u063453", "last_name": "", "email": "", "is_staff": false, "is_active": true, "date_joined": "2020-07-01T09:52:20.896Z", "groups": [], "user_permissions": []}}, {"model": "auth.user", "pk": 204, "fields": {"password": "pbkdf2_sha256$180000$d4EnSKhg53j7$FN9+3+5ifIbYeifkKKNzZpzsiZCYbP9Z5uNNvuepwJM=", "last_login": null, "is_superuser": false, "username": "student54", "first_name": "\u062f\u0627\u0646\u063454", "last_name": "", "email": "", "is_staff": false, "is_active": true, "date_joined": "2020-07-01T09:52:21.240Z", "groups": [], "user_permissions": []}}, {"model": "auth.user", "pk": 205, "fields": {"password": "pbkdf2_sha256$180000$gWM2DD5OU5yi$mpXnvMEP9hDSXWHG+B4niDqynwviieDI5dK6rAwSXjk=", "last_login": null, "is_superuser": false, "username": "student55", "first_name": "\u062f\u0627\u0646\u063455", "last_name": "", "email": "", "is_staff": false, "is_active": true, "date_joined": "2020-07-01T09:52:21.577Z", "groups": [], "user_permissions": []}}, {"model": "auth.user", "pk": 206, "fields": {"password": "pbkdf2_sha256$180000$YgvNf2OqrIEX$56fNXNP4Q3b8QbKUMc/+QikSYyY1sNQ7soerWwznn5k=", "last_login": "2020-07-06T12:46:50.341Z", "is_superuser": false, "username": "student61", "first_name": "\u062f\u0627\u0646\u063461", "last_name": "", "email": "", "is_staff": false, "is_active": true, "date_joined": "2020-07-01T09:52:21.903Z", "groups": [], "user_permissions": []}}, {"model": "auth.user", "pk": 207, "fields": {"password": "pbkdf2_sha256$180000$knHGjJYTjTL4$uvVn8207t0V8/8+TNv5ZJhLJx/IGzD1RvRlEXxDk/wY=", "last_login": null, "is_superuser": false, "username": "student62", "first_name": "\u062f\u0627\u0646\u063462", "last_name": "", "email": "", "is_staff": false, "is_active": true, "date_joined": "2020-07-01T09:52:22.229Z", "groups": [], "user_permissions": []}}, {"model": "auth.user", "pk": 208, "fields": {"password": "pbkdf2_sha256$180000$yL3WFu8MtMKz$LtV38uxFR4H71bGSbh3n7weKOaTgce5velSH+PsxHBo=", "last_login": "2020-07-07T22:41:15.548Z", "is_superuser": false, "username": "student63", "first_name": "\u062f\u0627\u0646\u063463", "last_name": "", "email": "", "is_staff": false, "is_active": true, "date_joined": "2020-07-01T09:52:22.567Z", "groups": [], "user_permissions": []}}, {"model": "auth.user", "pk": 209, "fields": {"password": "pbkdf2_sha256$180000$y81sQRXnhkgO$gjVCk5VDT8v/NniCrhWrirxT2214ImyrYUGpurJGvJE=", "last_login": null, "is_superuser": false, "username": "student64", "first_name": "\u062f\u0627\u0646\u063464", "last_name": "", "email": "", "is_staff": false, "is_active": true, "date_joined": "2020-07-01T09:52:23.260Z", "groups": [], "user_permissions": []}}, {"model": "auth.user", "pk": 210, "fields": {"password": "pbkdf2_sha256$180000$pEhzhycZ02wv$y8cyHWgmjQ2auHeqXN+y3a+CaJ9+aFgPZOrlmFofVmc=", "last_login": null, "is_superuser": false, "username": "student65", "first_name": "\u062f\u0627\u0646\u063465", "last_name": "", "email": "", "is_staff": false, "is_active": true, "date_joined": "2020-07-01T09:52:23.565Z", "groups": [], "user_permissions": []}}, {"model": "auth.user", "pk": 211, "fields": {"password": "pbkdf2_sha256$180000$09uDjhAMtfhg$0WtUkaYiudEZZk6QLLIxUX3HwgcaHYwNKLZSZsHOyHI=", "last_login": "2020-07-23T19:18:54.532Z", "is_superuser": true, "username": "amir", "first_name": "", "last_name": "", "email": "", "is_staff": true, "is_active": true, "date_joined": "2020-07-01T09:56:13.181Z", "groups": [], "user_permissions": []}}, {"model": "auth.user", "pk": 212, "fields": {"password": "pbkdf2_sha256$180000$3yCfLu7ZeKii$p/X36N6GuVGD76yA1WbXuEz4Dhut0CrmSBDbU4uM8pc=", "last_login": "2020-07-17T13:12:13.850Z", "is_superuser": false, "username": "hamed", "first_name": "\u062d\u0627\u0645\u062f \u062c\u0627\u0646", "last_name": "", "email": "", "is_staff": false, "is_active": true, "date_joined": "2020-07-12T11:54:22Z", "groups": [], "user_permissions": []}}, {"model": "auth.user", "pk": 213, "fields": {"password": "pbkdf2_sha256$180000$xq1X3LtjWYB9$rjzIrP06kGEbWGbSNzMhyRMkSfkxuc9cdSuJCUVKiqw=", "last_login": "2020-07-24T08:39:34.634Z", "is_superuser": false, "username": "elahe", "first_name": "\u0627\u0644\u0647\u0647", "last_name": "", "email": "", "is_staff": false, "is_active": true, "date_joined": "2020-07-22T15:23:27Z", "groups": [], "user_permissions": []}}, {"model": "klass.teacher", "pk": 26, "fields": {"user": 175, "image": ""}}, {"model": "klass.teacher", "pk": 27, "fields": {"user": 176, "image": ""}}, {"model": "klass.teacher", "pk": 28, "fields": {"user": 177, "image": ""}}, {"model": "klass.teacher", "pk": 29, "fields": {"user": 178, "image": ""}}, {"model": "klass.teacher", "pk": 30, "fields": {"user": 179, "image": ""}}, {"model": "klass.teacher", "pk": 31, "fields": {"user": 180, "image": ""}}, {"model": "klass.student", "pk": 147, "fields": {"user": 181, "image": "students/IMG_20200714_212837.jpg"}}, {"model": "klass.student", "pk": 148, "fields": {"user": 182, "image": ""}}, {"model": "klass.student", "pk": 149, "fields": {"user": 183, "image": ""}}, {"model": "klass.student", "pk": 150, "fields": {"user": 184, "image": ""}}, {"model": "klass.student", "pk": 151, "fields": {"user": 185, "image": ""}}, {"model": "klass.student", "pk": 152, "fields": {"user": 186, "image": ""}}, {"model": "klass.student", "pk": 153, "fields": {"user": 187, "image": ""}}, {"model": "klass.student", "pk": 154, "fields": {"user": 188, "image": ""}}, {"model": "klass.student", "pk": 155, "fields": {"user": 189, "image": ""}}, {"model": "klass.student", "pk": 156, "fields": {"user": 190, "image": ""}}, {"model": "klass.student", "pk": 157, "fields": {"user": 191, "image": ""}}, {"model": "klass.student", "pk": 158, "fields": {"user": 192, "image": ""}}, {"model": "klass.student", "pk": 159, "fields": {"user": 193, "image": ""}}, {"model": "klass.student", "pk": 160, "fields": {"user": 194, "image": ""}}, {"model": "klass.student", "pk": 161, "fields": {"user": 195, "image": ""}}, {"model": "klass.student", "pk": 162, "fields": {"user": 196, "image": ""}}, {"model": "klass.student", "pk": 163, "fields": {"user": 197, "image": ""}}, {"model": "klass.student", "pk": 164, "fields": {"user": 198, "image": ""}}, {"model": "klass.student", "pk": 165, "fields": {"user": 199, "image": ""}}, {"model": "klass.student", "pk": 166, "fields": {"user": 200, "image": ""}}, {"model": "klass.student", "pk": 167, "fields": {"user": 201, "image": ""}}, {"model": "klass.student", "pk": 168, "fields": {"user": 202, "image": ""}}, {"model": "klass.student", "pk": 169, "fields": {"user": 203, "image": ""}}, {"model": "klass.student", "pk": 170, "fields": {"user": 204, "image": ""}}, {"model": "klass.student", "pk": 171, "fields": {"user": 205, "image": ""}}, {"model": "klass.student", "pk": 172, "fields": {"user": 206, "image": ""}}, {"model": "klass.student", "pk": 173, "fields": {"user": 207, "image": ""}}, {"model": "klass.student", "pk": 174, "fields": {"user": 208, "image": ""}}, {"model": "klass.student", "pk": 175, "fields": {"user": 209, "image": ""}}, {"model": "klass.student", "pk": 176, "fields": {"user": 210, "image": ""}}, {"model": "klass.student", "pk": 177, "fields": {"user": 212, "image": "students/hamed.jpeg"}}, {"model": "klass.student", "pk": 178, "fields": {"user": 213, "image": "students/elahe_Z3B5n9p.jpg"}}, {"model": "online_users.onlineuseractivity", "pk": 3, "fields": {"user": 198, "last_activity": "2020-07-11T21:41:10.748Z"}}, {"model": "online_users.onlineuseractivity", "pk": 4, "fields": {"user": 208, "last_activity": "2020-07-07T23:13:25.698Z"}}, {"model": "online_users.onlineuseractivity", "pk": 5, "fields": {"user": 184, "last_activity": "2020-07-19T03:09:15.510Z"}}, {"model": "online_users.onlineuseractivity", "pk": 6, "fields": {"user": 211, "last_activity": "2020-07-24T08:39:25.564Z"}}, {"model": "online_users.onlineuseractivity", "pk": 7, "fields": {"user": 188, "last_activity": "2020-07-13T07:06:09.169Z"}}, {"model": "online_users.onlineuseractivity", "pk": 8, "fields": {"user": 194, "last_activity": "2020-07-06T12:20:19.059Z"}}, {"model": "online_users.onlineuseractivity", "pk": 9, "fields": {"user": 199, "last_activity": "2020-07-04T18:38:16.534Z"}}, {"model": "online_users.onlineuseractivity", "pk": 10, "fields": {"user": 196, "last_activity": "2020-07-06T12:46:28.051Z"}}, {"model": "online_users.onlineuseractivity", "pk": 11, "fields": {"user": 206, "last_activity": "2020-07-07T09:06:10.936Z"}}, {"model": "online_users.onlineuseractivity", "pk": 12, "fields": {"user": 192, "last_activity": "2020-07-07T10:02:08.274Z"}}, {"model": "online_users.onlineuseractivity", "pk": 13, "fields": {"user": 186, "last_activity": "2020-07-08T10:21:15.636Z"}}, {"model": "online_users.onlineuseractivity", "pk": 14, "fields": {"user": 187, "last_activity": "2020-07-08T01:24:52.370Z"}}, {"model": "online_users.onlineuseractivity", "pk": 15, "fields": {"user": 182, "last_activity": "2020-07-12T11:20:45.936Z"}}, {"model": "online_users.onlineuseractivity", "pk": 16, "fields": {"user": 185, "last_activity": "2020-07-09T18:18:38.245Z"}}, {"model": "online_users.onlineuseractivity", "pk": 17, "fields": {"user": 181, "last_activity": "2020-07-19T08:56:54.028Z"}}, {"model": "online_users.onlineuseractivity", "pk": 18, "fields": {"user": 212, "last_activity": "2020-07-19T07:04:11.190Z"}}, {"model": "online_users.onlineuseractivity", "pk": 19, "fields": {"user": 180, "last_activity": "2020-07-13T12:55:50.364Z"}}, {"model": "online_users.onlineuseractivity", "pk": 20, "fields": {"user": 213, "last_activity": "2020-07-24T08:43:34.310Z"}}, {"model": "admin.logentry", "pk": 21, "fields": {"action_time": "2020-07-01T11:16:28.313Z", "user": 211, "content_type": 22, "object_id": "1", "object_repr": "\u0631\u06cc\u0627\u0636\u06cc \u062f\u0648\u0645 \u062f\u0628\u0633\u062a\u0627\u0646 \u062a\u0645\u0631\u06cc\u0646 \u0633\u0631\u06cc \u0627\u0648\u0644", "action_flag": 1, "change_message": "[{\"added\": {}}]"}}, {"model": "admin.logentry", "pk": 22, "fields": {"action_time": "2020-07-05T11:35:47.781Z", "user": 211, "content_type": 19, "object_id": "7", "object_repr": "g", "action_flag": 1, "change_message": "[{\"added\": {}}]"}}, {"model": "admin.logentry", "pk": 23, "fields": {"action_time": "2020-07-07T06:52:13.968Z", "user": 211, "content_type": 19, "object_id": "7", "object_repr": "g", "action_flag": 3, "change_message": ""}}, {"model": "admin.logentry", "pk": 24, "fields": {"action_time": "2020-07-08T01:16:14.343Z", "user": 211, "content_type": 22, "object_id": "1", "object_repr": "\u062a\u0645\u0631\u06cc\u0646 \u0633\u0631\u06cc \u0627\u0648\u0644", "action_flag": 2, "change_message": "[{\"changed\": {\"fields\": [\"Name\"]}}]"}}, {"model": "admin.logentry", "pk": 25, "fields": {"action_time": "2020-07-08T01:23:40.456Z", "user": 211, "content_type": 22, "object_id": "2", "object_repr": "\u0633\u0631\u06cc \u062f\u0648\u0645", "action_flag": 1, "change_message": "[{\"added\": {}}]"}}, {"model": "admin.logentry", "pk": 26, "fields": {"action_time": "2020-07-08T06:33:07.819Z", "user": 211, "content_type": 22, "object_id": "3", "object_repr": "\u0633\u0631\u06cc \u0627\u0648\u0644", "action_flag": 1, "change_message": "[{\"added\": {}}]"}}, {"model": "admin.logentry", "pk": 27, "fields": {"action_time": "2020-07-09T18:12:10.843Z", "user": 211, "content_type": 22, "object_id": "4", "object_repr": "\u0641\u06cc\u0644\u0645 \u0622\u0645\u0648\u0632\u0634\u06cc", "action_flag": 1, "change_message": "[{\"added\": {}}]"}}, {"model": "admin.logentry", "pk": 28, "fields": {"action_time": "2020-07-11T12:49:22.126Z", "user": 211, "content_type": 19, "object_id": "8", "object_repr": "\u0622\u0628\u062f\u0627\u0631 \u062e\u0627\u0646\u0647 \u0622\u062a\u0634 \u06af\u0631\u0641\u062a", "action_flag": 1, "change_message": "[{\"added\": {}}]"}}, {"model": "admin.logentry", "pk": 29, "fields": {"action_time": "2020-07-11T21:42:52.625Z", "user": 211, "content_type": 22, "object_id": "4", "object_repr": "\u0641\u06cc\u0644\u0645 \u0622\u0645\u0648\u0632\u0634\u06cc", "action_flag": 3, "change_message": ""}}, {"model": "admin.logentry", "pk": 30, "fields": {"action_time": "2020-07-12T11:21:38.780Z", "user": 211, "content_type": 12, "object_id": "147", "object_repr": "\u062f\u0627\u0646\u063411", "action_flag": 2, "change_message": "[{\"changed\": {\"fields\": [\"Image\"]}}]"}}, {"model": "admin.logentry", "pk": 31, "fields": {"action_time": "2020-07-12T11:54:22.443Z", "user": 211, "content_type": 4, "object_id": "212", "object_repr": "hamed", "action_flag": 1, "change_message": "[{\"added\": {}}]"}}, {"model": "admin.logentry", "pk": 32, "fields": {"action_time": "2020-07-12T11:55:52.742Z", "user": 211, "content_type": 12, "object_id": "177", "object_repr": "", "action_flag": 1, "change_message": "[{\"added\": {}}]"}}, {"model": "admin.logentry", "pk": 33, "fields": {"action_time": "2020-07-12T12:13:59.413Z", "user": 211, "content_type": 4, "object_id": "212", "object_repr": "hamed", "action_flag": 2, "change_message": "[{\"changed\": {\"fields\": [\"First name\"]}}]"}}, {"model": "admin.logentry", "pk": 34, "fields": {"action_time": "2020-07-13T13:17:20.592Z", "user": 211, "content_type": 8, "object_id": "1", "object_repr": "Exam = \u0627\u0645\u062a\u062d\u0627\u0646 \u062a\u0627\u0631\u06cc\u062e2 , 11 ", "action_flag": 1, "change_message": "[{\"added\": {}}]"}}, {"model": "admin.logentry", "pk": 35, "fields": {"action_time": "2020-07-13T13:18:05.207Z", "user": 211, "content_type": 8, "object_id": "2", "object_repr": "Exam = \u0627\u0645\u062a\u062d\u0627\u0646 \u062a\u0627\u0631\u06cc\u062e2 , 11 ", "action_flag": 1, "change_message": "[{\"added\": {}}]"}}, {"model": "admin.logentry", "pk": 36, "fields": {"action_time": "2020-07-13T13:19:45.651Z", "user": 211, "content_type": 8, "object_id": "1", "object_repr": "Exam = \u0627\u0645\u062a\u062d\u0627\u0646 \u062a\u0627\u0631\u06cc\u062e2 , 11 ", "action_flag": 3, "change_message": ""}}, {"model": "admin.logentry", "pk": 37, "fields": {"action_time": "2020-07-13T13:19:50.150Z", "user": 211, "content_type": 8, "object_id": "2", "object_repr": "Exam = \u0627\u0645\u062a\u062d\u0627\u0646 \u062a\u0627\u0631\u06cc\u062e2 , 11 ", "action_flag": 3, "change_message": ""}}, {"model": "admin.logentry", "pk": 38, "fields": {"action_time": "2020-07-13T13:29:33.375Z", "user": 211, "content_type": 8, "object_id": "3", "object_repr": "Exam = \u062a\u0627\u0631\u06cc\u062e \u0627\u0645\u062a\u062d\u0627\u0646 \u06af\u0630\u0634\u062a\u0647 , 11 ", "action_flag": 1, "change_message": "[{\"added\": {}}]"}}, {"model": "admin.logentry", "pk": 39, "fields": {"action_time": "2020-07-13T13:30:26.330Z", "user": 211, "content_type": 8, "object_id": "4", "object_repr": "Exam = \u0627\u0645\u062a\u062d\u0627\u0646 \u0627\u06a9\u0646\u0648\u0646 , 11 ", "action_flag": 1, "change_message": "[{\"added\": {}}]"}}, {"model": "admin.logentry", "pk": 40, "fields": {"action_time": "2020-07-13T13:31:19.561Z", "user": 211, "content_type": 8, "object_id": "5", "object_repr": "Exam = \u062a\u0627\u0631\u06cc\u062e \u0627\u0645\u062a\u062d\u0627\u0646 \u0645\u0627\u0646\u062f\u0647 , 11 ", "action_flag": 1, "change_message": "[{\"added\": {}}]"}}, {"model": "admin.logentry", "pk": 41, "fields": {"action_time": "2020-07-13T19:16:56.710Z", "user": 211, "content_type": 9, "object_id": "1", "object_repr": "\u062f\u0631 \u062a\u0635\u0648\u06cc\u0631 \u0632\u06cc\u0631 \u0686\u0646\u062f \u06a9\u0628\u0648\u062a\u0631 \u0645\u06cc\u0628\u06cc\u0646\u06cc\u062f\u061f", "action_flag": 1, "change_message": "[{\"added\": {}}]"}}, {"model": "admin.logentry", "pk": 42, "fields": {"action_time": "2020-07-13T21:05:40.540Z", "user": 211, "content_type": 9, "object_id": "2", "object_repr": "\u0622\u06cc\u0627 \u0645\u06cc\u062f\u0627\u0646\u06cc\u062f \u0627\u06cc\u0646 \u0639\u06a9\u0633 \u0645\u0631\u0628\u0648\u0637 \u0628 \u0686 \u06a9\u0633\u06cc \u0627\u0633\u062a\u061f", "action_flag": 1, "change_message": "[{\"added\": {}}]"}}, {"model": "admin.logentry", "pk": 43, "fields": {"action_time": "2020-07-15T14:46:03.929Z", "user": 211, "content_type": 19, "object_id": "9", "object_repr": "\u06af\u0631\u0627\u0646 \u0634\u062f", "action_flag": 1, "change_message": "[{\"added\": {}}]"}}, {"model": "admin.logentry", "pk": 44, "fields": {"action_time": "2020-07-16T12:12:03.221Z", "user": 211, "content_type": 19, "object_id": "1", "object_repr": "\u0633\u06cc\u0632\u062f\u0647\u0645 \u0622\u0628\u0627\u0646", "action_flag": 2, "change_message": "[{\"changed\": {\"fields\": [\"Title\"]}}]"}}, {"model": "admin.logentry", "pk": 45, "fields": {"action_time": "2020-07-16T12:21:12.481Z", "user": 211, "content_type": 19, "object_id": "5", "object_repr": "Programmer", "action_flag": 3, "change_message": ""}}, {"model": "admin.logentry", "pk": 46, "fields": {"action_time": "2020-07-16T12:56:50.084Z", "user": 211, "content_type": 4, "object_id": "181", "object_repr": "student11", "action_flag": 2, "change_message": "[{\"changed\": {\"fields\": [\"First name\", \"Last name\"]}}]"}}, {"model": "admin.logentry", "pk": 47, "fields": {"action_time": "2020-07-16T12:57:39.891Z", "user": 211, "content_type": 12, "object_id": "147", "object_repr": "\u0627\u0645\u06cc\u0631\u062d\u0633\u0646", "action_flag": 2, "change_message": "[{\"changed\": {\"fields\": [\"Image\"]}}]"}}, {"model": "admin.logentry", "pk": 48, "fields": {"action_time": "2020-07-16T13:33:23.613Z", "user": 211, "content_type": 19, "object_id": "10", "object_repr": "\u06a9\u0631\u0648\u0646\u0627", "action_flag": 1, "change_message": "[{\"added\": {}}]"}}, {"model": "admin.logentry", "pk": 49, "fields": {"action_time": "2020-07-16T13:35:53.678Z", "user": 211, "content_type": 19, "object_id": "10", "object_repr": "\u06a9\u0631\u0648\u0646\u0627", "action_flag": 2, "change_message": "[]"}}, {"model": "admin.logentry", "pk": 50, "fields": {"action_time": "2020-07-16T13:38:27.921Z", "user": 211, "content_type": 19, "object_id": "10", "object_repr": "\u06a9\u0631\u0648\u0646\u0627", "action_flag": 2, "change_message": "[]"}}, {"model": "admin.logentry", "pk": 51, "fields": {"action_time": "2020-07-19T03:11:44.014Z", "user": 211, "content_type": 4, "object_id": "181", "object_repr": "student11", "action_flag": 2, "change_message": "[{\"changed\": {\"fields\": [\"password\"]}}]"}}, {"model": "admin.logentry", "pk": 52, "fields": {"action_time": "2020-07-19T08:00:49.685Z", "user": 211, "content_type": 19, "object_id": "11", "object_repr": "\u062a\u0633\u062a", "action_flag": 1, "change_message": "[{\"added\": {}}]"}}, {"model": "admin.logentry", "pk": 53, "fields": {"action_time": "2020-07-19T08:38:36.137Z", "user": 211, "content_type": 19, "object_id": "12", "object_repr": "\u0647\u062f\u0631", "action_flag": 1, "change_message": "[{\"added\": {}}]"}}, {"model": "admin.logentry", "pk": 54, "fields": {"action_time": "2020-07-19T09:00:35.012Z", "user": 211, "content_type": 19, "object_id": "13", "object_repr": "\u0639\u06a9\u0633", "action_flag": 1, "change_message": "[{\"added\": {}}]"}}, {"model": "admin.logentry", "pk": 55, "fields": {"action_time": "2020-07-19T09:04:11.937Z", "user": 211, "content_type": 19, "object_id": "14", "object_repr": "\u0639\u06a9\u0633 \u062f\u0648\u0645", "action_flag": 1, "change_message": "[{\"added\": {}}]"}}, {"model": "admin.logentry", "pk": 56, "fields": {"action_time": "2020-07-19T10:12:25.503Z", "user": 211, "content_type": 19, "object_id": "15", "object_repr": "\u0645\u0646", "action_flag": 1, "change_message": "[{\"added\": {}}]"}}, {"model": "admin.logentry", "pk": 57, "fields": {"action_time": "2020-07-19T10:14:34.544Z", "user": 211, "content_type": 19, "object_id": "16", "object_repr": "\u0628\u0627\u0632 \u0645\u0646", "action_flag": 1, "change_message": "[{\"added\": {}}]"}}, {"model": "admin.logentry", "pk": 58, "fields": {"action_time": "2020-07-19T10:17:27.884Z", "user": 211, "content_type": 19, "object_id": "17", "object_repr": "\u0628\u0627\u0632 \u0645\u0646", "action_flag": 1, "change_message": "[{\"added\": {}}]"}}, {"model": "admin.logentry", "pk": 59, "fields": {"action_time": "2020-07-19T10:46:01.799Z", "user": 211, "content_type": 4, "object_id": "181", "object_repr": "student11", "action_flag": 2, "change_message": "[{\"changed\": {\"fields\": [\"password\"]}}]"}}, {"model": "admin.logentry", "pk": 60, "fields": {"action_time": "2020-07-19T10:46:08.622Z", "user": 211, "content_type": 4, "object_id": "181", "object_repr": "amirhasan", "action_flag": 2, "change_message": "[{\"changed\": {\"fields\": [\"Username\"]}}]"}}, {"model": "admin.logentry", "pk": 61, "fields": {"action_time": "2020-07-19T11:16:57.156Z", "user": 211, "content_type": 19, "object_id": "18", "object_repr": "Ali", "action_flag": 1, "change_message": "[{\"added\": {}}]"}}, {"model": "admin.logentry", "pk": 62, "fields": {"action_time": "2020-07-19T11:19:23.009Z", "user": 211, "content_type": 19, "object_id": "19", "object_repr": "\u0639\u06af\u0633", "action_flag": 1, "change_message": "[{\"added\": {}}]"}}, {"model": "admin.logentry", "pk": 63, "fields": {"action_time": "2020-07-19T12:46:21.666Z", "user": 211, "content_type": 19, "object_id": "20", "object_repr": "repeat", "action_flag": 1, "change_message": "[{\"added\": {}}]"}}, {"model": "admin.logentry", "pk": 64, "fields": {"action_time": "2020-07-19T13:05:46.815Z", "user": 211, "content_type": 19, "object_id": "21", "object_repr": "mee", "action_flag": 1, "change_message": "[{\"added\": {}}]"}}, {"model": "admin.logentry", "pk": 65, "fields": {"action_time": "2020-07-22T15:23:27.657Z", "user": 211, "content_type": 4, "object_id": "213", "object_repr": "elahe", "action_flag": 1, "change_message": "[{\"added\": {}}]"}}, {"model": "admin.logentry", "pk": 66, "fields": {"action_time": "2020-07-22T15:23:36.921Z", "user": 211, "content_type": 12, "object_id": "178", "object_repr": "", "action_flag": 1, "change_message": "[{\"added\": {}}]"}}, {"model": "admin.logentry", "pk": 67, "fields": {"action_time": "2020-07-22T15:25:29.484Z", "user": 211, "content_type": 12, "object_id": "178", "object_repr": "", "action_flag": 2, "change_message": "[{\"changed\": {\"fields\": [\"Image\"]}}]"}}, {"model": "admin.logentry", "pk": 68, "fields": {"action_time": "2020-07-22T15:26:58.493Z", "user": 211, "content_type": 4, "object_id": "213", "object_repr": "elahe", "action_flag": 2, "change_message": "[{\"changed\": {\"fields\": [\"First name\"]}}]"}}, {"model": "admin.logentry", "pk": 69, "fields": {"action_time": "2020-07-22T15:27:15.382Z", "user": 211, "content_type": 19, "object_id": "21", "object_repr": "mee", "action_flag": 3, "change_message": ""}}, {"model": "admin.logentry", "pk": 70, "fields": {"action_time": "2020-07-22T15:27:48.561Z", "user": 211, "content_type": 19, "object_id": "20", "object_repr": "repeat", "action_flag": 3, "change_message": ""}}, {"model": "admin.logentry", "pk": 71, "fields": {"action_time": "2020-07-22T15:27:48.564Z", "user": 211, "content_type": 19, "object_id": "19", "object_repr": "\u0639\u06af\u0633", "action_flag": 3, "change_message": ""}}, {"model": "admin.logentry", "pk": 72, "fields": {"action_time": "2020-07-22T15:27:48.567Z", "user": 211, "content_type": 19, "object_id": "18", "object_repr": "Ali", "action_flag": 3, "change_message": ""}}, {"model": "admin.logentry", "pk": 73, "fields": {"action_time": "2020-07-22T15:27:48.569Z", "user": 211, "content_type": 19, "object_id": "17", "object_repr": "\u0628\u0627\u0632 \u0645\u0646", "action_flag": 3, "change_message": ""}}, {"model": "admin.logentry", "pk": 74, "fields": {"action_time": "2020-07-22T15:27:48.571Z", "user": 211, "content_type": 19, "object_id": "16", "object_repr": "\u0628\u0627\u0632 \u0645\u0646", "action_flag": 3, "change_message": ""}}, {"model": "admin.logentry", "pk": 75, "fields": {"action_time": "2020-07-22T15:27:48.575Z", "user": 211, "content_type": 19, "object_id": "15", "object_repr": "\u0645\u0646", "action_flag": 3, "change_message": ""}}, {"model": "admin.logentry", "pk": 76, "fields": {"action_time": "2020-07-22T15:27:48.577Z", "user": 211, "content_type": 19, "object_id": "14", "object_repr": "\u0639\u06a9\u0633 \u062f\u0648\u0645", "action_flag": 3, "change_message": ""}}, {"model": "admin.logentry", "pk": 77, "fields": {"action_time": "2020-07-22T15:27:48.580Z", "user": 211, "content_type": 19, "object_id": "13", "object_repr": "\u0639\u06a9\u0633", "action_flag": 3, "change_message": ""}}, {"model": "admin.logentry", "pk": 78, "fields": {"action_time": "2020-07-22T15:27:48.582Z", "user": 211, "content_type": 19, "object_id": "12", "object_repr": "\u0647\u062f\u0631", "action_flag": 3, "change_message": ""}}, {"model": "admin.logentry", "pk": 79, "fields": {"action_time": "2020-07-22T15:27:48.584Z", "user": 211, "content_type": 19, "object_id": "11", "object_repr": "\u062a\u0633\u062a", "action_flag": 3, "change_message": ""}}, {"model": "admin.logentry", "pk": 80, "fields": {"action_time": "2020-07-22T15:27:48.587Z", "user": 211, "content_type": 19, "object_id": "9", "object_repr": "\u06af\u0631\u0627\u0646 \u0634\u062f", "action_flag": 3, "change_message": ""}}, {"model": "admin.logentry", "pk": 81, "fields": {"action_time": "2020-07-22T15:27:48.589Z", "user": 211, "content_type": 19, "object_id": "8", "object_repr": "\u0622\u0628\u062f\u0627\u0631 \u062e\u0627\u0646\u0647 \u0622\u062a\u0634 \u06af\u0631\u0641\u062a", "action_flag": 3, "change_message": ""}}, {"model": "admin.logentry", "pk": 82, "fields": {"action_time": "2020-07-22T15:27:48.592Z", "user": 211, "content_type": 19, "object_id": "4", "object_repr": "\u0627\u06a9\u0628\u0631 \u0637\u0628\u0631\u06cc", "action_flag": 3, "change_message": ""}}, {"model": "admin.logentry", "pk": 83, "fields": {"action_time": "2020-07-22T15:48:07.195Z", "user": 211, "content_type": 4, "object_id": "213", "object_repr": "elahe", "action_flag": 2, "change_message": "[{\"changed\": {\"fields\": [\"password\"]}}]"}}, {"model": "admin.logentry", "pk": 84, "fields": {"action_time": "2020-07-22T15:51:01.903Z", "user": 211, "content_type": 19, "object_id": "22", "object_repr": "Hello", "action_flag": 1, "change_message": "[{\"added\": {}}]"}}, {"model": "admin.logentry", "pk": 85, "fields": {"action_time": "2020-07-22T15:59:23.369Z", "user": 211, "content_type": 19, "object_id": "22", "object_repr": "Hello", "action_flag": 3, "change_message": ""}}, {"model": "admin.logentry", "pk": 86, "fields": {"action_time": "2020-07-23T07:36:47.027Z", "user": 211, "content_type": 9, "object_id": "3", "object_repr": "\u062d\u0633\u0633\u062a \u0686\u06cc\u0647", "action_flag": 1, "change_message": "[{\"added\": {}}]"}}, {"model": "admin.logentry", "pk": 87, "fields": {"action_time": "2020-07-23T19:23:08.767Z", "user": 211, "content_type": 13, "object_id": "2", "object_repr": "11", "action_flag": 2, "change_message": "[{\"changed\": {\"fields\": [\"Students\"]}}]"}}, {"model": "admin.logentry", "pk": 88, "fields": {"action_time": "2020-07-23T19:24:25.561Z", "user": 211, "content_type": 13, "object_id": "2", "object_repr": "\u0647\u062f\u06cc\u0647 \u0622\u0633\u0645\u0627\u0646\u06cc \u0627\u0648\u0644 \u0627\u0628\u062a\u062f\u0627\u06cc\u06cc", "action_flag": 2, "change_message": "[{\"changed\": {\"fields\": [\"Name\"]}}]"}}, {"model": "admin.logentry", "pk": 89, "fields": {"action_time": "2020-07-23T19:28:17.427Z", "user": 211, "content_type": 13, "object_id": "3", "object_repr": "\u0631\u06cc\u0627\u0636\u06cc \u0627\u0648\u0644 \u0627\u0628\u062a\u062f\u0627\u06cc\u06cc", "action_flag": 2, "change_message": "[{\"changed\": {\"fields\": [\"Name\", \"Students\"]}}]"}}, {"model": "admin.logentry", "pk": 90, "fields": {"action_time": "2020-07-23T19:29:55.205Z", "user": 211, "content_type": 13, "object_id": "4", "object_repr": "\u0642\u0631\u0622\u0646 \u0627\u0648\u0644 \u0627\u0628\u062a\u062f\u0627\u06cc\u06cc", "action_flag": 2, "change_message": "[{\"changed\": {\"fields\": [\"Name\", \"Students\"]}}]"}}, {"model": "admin.logentry", "pk": 91, "fields": {"action_time": "2020-07-23T19:30:47.650Z", "user": 211, "content_type": 13, "object_id": "5", "object_repr": "\u0641\u0627\u0631\u0633\u06cc \u0627\u0648\u0644 \u0627\u0628\u062a\u062f\u0627\u06cc\u06cc", "action_flag": 2, "change_message": "[{\"changed\": {\"fields\": [\"Name\", \"Students\"]}}]"}}, {"model": "admin.logentry", "pk": 92, "fields": {"action_time": "2020-07-23T19:34:33.102Z", "user": 211, "content_type": 13, "object_id": "6", "object_repr": "\u0639\u0644\u0648\u0645 \u0627\u0648\u0644 \u0627\u0628\u062a\u062f\u0627\u06cc\u06cc", "action_flag": 2, "change_message": "[{\"changed\": {\"fields\": [\"Name\", \"Students\"]}}]"}}]